store,category,brand,model_name,variant,ram,storage,price,price_text,currency,product_url,source_url,in_stock,scraped_at
GadgetByte Nepal,Mobiles,Samsung,Galaxy Z Fold 7,12GB/256GB,12GB,256GB,279999,"NPR 279,999 (12+256GB)",NPR,https://www.gadgetbytenepal.com/samsung-galaxy-z-fold7-price-nepal/,https://www.gadgetbytenepal.com/samsung-mobiles-price-nepal/,,2026-07-03T02:26:28.266474+00:00
GadgetByte Nepal,Mobiles,Samsung,Galaxy Z Flip 7,12GB/256GB,12GB,256GB,154999,"NPR 154,999 (12+256GB)",NPR,https://www.gadgetbytenepal.com/galaxy-z-flip7-price-nepal/,https://www.gadgetbytenepal.com/samsung-mobiles-price-nepal/,,2026-07-03T02:26:28.266666+00:00
GadgetByte Nepal,Mobiles,Samsung,Galaxy S26 Ultra,12GB/1TB,12GB,1TB,283999,"NPR 283,999 (12GB+1TB)",NPR,https://www.gadgetbytenepal.com/samsung-galaxy-s26-ultra-price-in-nepal/,https://www.gadgetbytenepal.com/samsung-mobiles-price-nepal/,,2026-07-03T02:26:28.266796+00:00
GadgetByte Nepal,Mobiles,Samsung,Galaxy S26 Ultra,12GB/512GB,12GB,512GB,232999,"NPR 232,999 (12+512GB)",NPR,https://www.gadgetbytenepal.com/samsung-galaxy-s26-ultra-price-in-nepal/,https://www.gadgetbytenepal.com/samsung-mobiles-price-nepal/,,2026-07-03T02:26:28.266852+00:00
GadgetByte Nepal,Mobiles,Samsung,Galaxy S26 Ultra,12GB/256GB,12GB,256GB,202999,"NPR 202,999 (12+256GB)",NPR,https://www.gadgetbytenepal.com/samsung-galaxy-s26-ultra-price-in-nepal/,https://www.gadgetbytenepal.com/samsung-mobiles-price-nepal/,,2026-07-03T02:26:28.266906+00:00
GadgetByte Nepal,Mobiles,Samsung,Galaxy S26 Plus,12GB/256GB,12GB,256GB,159999,"NPR 159,999 (12+256GB)",NPR,https://www.gadgetbytenepal.com/samsung-galaxy-s26-plus-price-in-nepal/,https://www.gadgetbytenepal.com/samsung-mobiles-price-nepal/,,2026-07-03T02:26:28.267021+00:00
GadgetByte Nepal,Mobiles,Samsung,Galaxy S26,12GB/256GB,12GB,256GB,123999,"NPR 123,999 (12+256GB)",NPR,https://www.gadgetbytenepal.com/samsung-galaxy-s26-price-in-nepal/,https://www.gadgetbytenepal.com/samsung-mobiles-price-nepal/,,2026-07-03T02:26:28.267139+00:00
GadgetByte Nepal,Mobiles,Samsung,Galaxy S25 Ultra,12GB/256GB,12GB,256GB,184999,"NPR 184,999 (12+256GB)",NPR,https://www.gadgetbytenepal.com/samsung-galaxy-s25-ultra-price-nepal/,https://www.gadgetbytenepal.com/samsung-mobiles-price-nepal/,,2026-07-03T02:26:28.267253+00:00
GadgetByte Nepal,Mobiles,Samsung,Galaxy S25 FE 5G,8GB/256GB,8GB,256GB,107999,"NPR 107,999 (8+256GB)",NPR,https://www.gadgetbytenepal.com/samsung-galaxy-s25-fe-price-nepal-2/,https://www.gadgetbytenepal.com/samsung-mobiles-price-nepal/,,2026-07-03T02:26:28.267370+00:00
GadgetByte Nepal,Mobiles,Samsung,Galaxy A57,8GB/256GB,8GB,256GB,79999,"NPR 79,999 (8+256GB)",NPR,https://www.gadgetbytenepal.com/samsung-galaxy-a57-price-in-nepal/,https://www.gadgetbytenepal.com/samsung-mobiles-price-nepal/,,2026-07-03T02:26:28.267486+00:00
GadgetByte Nepal,Mobiles,Samsung,Galaxy A57,12GB/256GB,12GB,256GB,84999,"NPR 84,999 (12+256GB)",NPR,https://www.gadgetbytenepal.com/samsung-galaxy-a57-price-in-nepal/,https://www.gadgetbytenepal.com/samsung-mobiles-price-nepal/,,2026-07-03T02:26:28.267539+00:00
GadgetByte Nepal,Mobiles,Samsung,Galaxy A37,8GB/128GB,8GB,128GB,59999,"NPR 59,999 (8+128GB)",NPR,https://www.gadgetbytenepal.com/samsung-galaxy-a37-5g-price-in-nepal/,https://www.gadgetbytenepal.com/samsung-mobiles-price-nepal/,,2026-07-03T02:26:28.267651+00:00
GadgetByte Nepal,Mobiles,Samsung,Galaxy A37,8GB/256GB,8GB,256GB,67999,"NPR 67,999 (8+256GB)",NPR,https://www.gadgetbytenepal.com/samsung-galaxy-a37-5g-price-in-nepal/,https://www.gadgetbytenepal.com/samsung-mobiles-price-nepal/,,2026-07-03T02:26:28.267701+00:00
GadgetByte Nepal,Mobiles,Samsung,Galaxy A37,12GB/256GB,12GB,256GB,74999,"NPR 74,999 (12+256GB)",NPR,https://www.gadgetbytenepal.com/samsung-galaxy-a37-5g-price-in-nepal/,https://www.gadgetbytenepal.com/samsung-mobiles-price-nepal/,,2026-07-03T02:26:28.267747+00:00
GadgetByte Nepal,Mobiles,Samsung,Galaxy A17 5G,6GB/128GB,6GB,128GB,36999,"NPR 36,999 (6+128GB)",NPR,https://www.gadgetbytenepal.com/samsung-galaxy-a17-price-nepal/,https://www.gadgetbytenepal.com/samsung-mobiles-price-nepal/,,2026-07-03T02:26:28.267858+00:00
GadgetByte Nepal,Mobiles,Samsung,Galaxy A17 5G,8GB/128GB,8GB,128GB,36999,"NPR 36,999 (8+128GB)",NPR,https://www.gadgetbytenepal.com/samsung-galaxy-a17-price-nepal/,https://www.gadgetbytenepal.com/samsung-mobiles-price-nepal/,,2026-07-03T02:26:28.267908+00:00
GadgetByte Nepal,Mobiles,Samsung,Galaxy A17 5G,8GB/256GB,8GB,256GB,44999,"NPR 44,999 (8+256GB)",NPR,https://www.gadgetbytenepal.com/samsung-galaxy-a17-price-nepal/,https://www.gadgetbytenepal.com/samsung-mobiles-price-nepal/,,2026-07-03T02:26:28.267954+00:00
GadgetByte Nepal,Mobiles,Samsung,Galaxy M17 5G,6GB/128GB,6GB,128GB,32999,"NPR 32,999 (6+128GB)",NPR,https://www.gadgetbytenepal.com/galaxy-m17-5g-price-nepal/,https://www.gadgetbytenepal.com/samsung-mobiles-price-nepal/,,2026-07-03T02:26:28.268061+00:00
GadgetByte Nepal,Mobiles,Samsung,Galaxy A07,4GB/64GB,4GB,64GB,18999,"NPR 18,999 (4+64GB)",NPR,https://www.gadgetbytenepal.com/samsung-galaxy-a07-price-nepal/,https://www.gadgetbytenepal.com/samsung-mobiles-price-nepal/,,2026-07-03T02:26:28.268173+00:00
GadgetByte Nepal,Mobiles,Samsung,Galaxy A07,4GB/128GB,4GB,128GB,22499,"NPR 22,499 (4+128GB)",NPR,https://www.gadgetbytenepal.com/samsung-galaxy-a07-price-nepal/,https://www.gadgetbytenepal.com/samsung-mobiles-price-nepal/,,2026-07-03T02:26:28.268220+00:00
GadgetByte Nepal,Mobiles,Samsung,Galaxy A07,6GB/128GB,6GB,128GB,26499,"NPR 26,499 (6+128GB)",NPR,https://www.gadgetbytenepal.com/samsung-galaxy-a07-price-nepal/,https://www.gadgetbytenepal.com/samsung-mobiles-price-nepal/,,2026-07-03T02:26:28.268283+00:00
GadgetByte Nepal,Mobiles,Samsung,Galaxy S26+,12GB/256GB,12GB,256GB,151999,"NPR 151,999",NPR,https://www.gadgetbytenepal.com/samsung-mobiles-price-nepal/,https://www.gadgetbytenepal.com/samsung-mobiles-price-nepal/,,2026-07-03T02:26:28.268693+00:00
GadgetByte Nepal,Mobiles,Xiaomi,Redmi A5,3GB/64GB,3GB,64GB,14999,"NPR 14,999 (3+64GB)",NPR,https://www.gadgetbytenepal.com/oppo-a5-price-nepal/,https://www.gadgetbytenepal.com/xiaomi-mobiles-price-in-nepal/,,2026-07-03T02:26:29.248503+00:00
GadgetByte Nepal,Mobiles,Xiaomi,Redmi A5,4GB/128GB,4GB,128GB,16999,"NPR 16,999 (4+128GB)",NPR,https://www.gadgetbytenepal.com/oppo-a5-price-nepal/,https://www.gadgetbytenepal.com/xiaomi-mobiles-price-in-nepal/,,2026-07-03T02:26:29.248600+00:00
GadgetByte Nepal,Mobiles,Xiaomi,Redmi A7 Pro,4GB/64GB,4GB,64GB,17999,"NPR 17,999 (4+64GB)",NPR,https://www.gadgetbytenepal.com/redmi-a7-pro-price-nepal/,https://www.gadgetbytenepal.com/xiaomi-mobiles-price-in-nepal/,,2026-07-03T02:26:29.248931+00:00
GadgetByte Nepal,Mobiles,Xiaomi,Redmi A7 Pro,4GB/128GB,4GB,128GB,22999,"NPR 22,999 (4+128GB)",NPR,https://www.gadgetbytenepal.com/redmi-a7-pro-price-nepal/,https://www.gadgetbytenepal.com/xiaomi-mobiles-price-in-nepal/,,2026-07-03T02:26:29.249080+00:00
GadgetByte Nepal,Mobiles,Xiaomi,Redmi 15C,4GB/128GB,4GB,128GB,29999,"NPR 29,999 (4+128GB)",NPR,https://www.gadgetbytenepal.com/redmi-15c-price-nepal/,https://www.gadgetbytenepal.com/xiaomi-mobiles-price-in-nepal/,,2026-07-03T02:26:29.249259+00:00
GadgetByte Nepal,Mobiles,Xiaomi,Redmi 15C,6GB/128GB,6GB,128GB,21999,"NPR 21,999 (6+128GB)",NPR,https://www.gadgetbytenepal.com/redmi-15c-price-nepal/,https://www.gadgetbytenepal.com/xiaomi-mobiles-price-in-nepal/,,2026-07-03T02:26:29.249343+00:00
GadgetByte Nepal,Mobiles,Xiaomi,Redmi 15C,8GB/256GB,8GB,256GB,24999,"NPR 24,999 (8+256GB)",NPR,https://www.gadgetbytenepal.com/redmi-15c-price-nepal/,https://www.gadgetbytenepal.com/xiaomi-mobiles-price-in-nepal/,,2026-07-03T02:26:29.249416+00:00
GadgetByte Nepal,Mobiles,Xiaomi,Redmi 15,6GB/128GB,6GB,128GB,24999,"NPR 24,999 (6+128GB)",NPR,https://www.gadgetbytenepal.com/redmi-15-4g-price-nepal/,https://www.gadgetbytenepal.com/xiaomi-mobiles-price-in-nepal/,,2026-07-03T02:26:29.249599+00:00
GadgetByte Nepal,Mobiles,Xiaomi,Redmi 15,8GB/256GB,8GB,256GB,27999,"NPR 27,999 (8+256GB)",NPR,https://www.gadgetbytenepal.com/redmi-15-4g-price-nepal/,https://www.gadgetbytenepal.com/xiaomi-mobiles-price-in-nepal/,,2026-07-03T02:26:29.249699+00:00
GadgetByte Nepal,Mobiles,Xiaomi,Redmi Note 15 4G,6GB/128GB,6GB,128GB,33999,"NPR 33,999 (6+128GB)",NPR,https://www.gadgetbytenepal.com/redmi-note-15-4g-price-nepal/,https://www.gadgetbytenepal.com/xiaomi-mobiles-price-in-nepal/,,2026-07-03T02:26:29.249898+00:00
GadgetByte Nepal,Mobiles,Xiaomi,Redmi Note 15 4G,8GB/256GB,8GB,256GB,39999,"NPR 39,999 (8+256GB)",NPR,https://www.gadgetbytenepal.com/redmi-note-15-4g-price-nepal/,https://www.gadgetbytenepal.com/xiaomi-mobiles-price-in-nepal/,,2026-07-03T02:26:29.250024+00:00
GadgetByte Nepal,Mobiles,Xiaomi,Redmi Note 15 5G,8GB/256GB,8GB,256GB,43999,"NPR 43,999 (8+256GB)",NPR,https://www.gadgetbytenepal.com/redmi-note-15-5g-price-nepal/,https://www.gadgetbytenepal.com/xiaomi-mobiles-price-in-nepal/,,2026-07-03T02:26:29.250223+00:00
GadgetByte Nepal,Mobiles,Xiaomi,Redmi Note 15 5G,12GB/512GB,12GB,512GB,49999,"NPR 49,999 (12+512GB)",NPR,https://www.gadgetbytenepal.com/redmi-note-15-5g-price-nepal/,https://www.gadgetbytenepal.com/xiaomi-mobiles-price-in-nepal/,,2026-07-03T02:26:29.250311+00:00
GadgetByte Nepal,Mobiles,Xiaomi,Redmi Note 15 Pro,8GB/256GB,8GB,256GB,53999,"NPR 53,999 (8+256GB)",NPR,https://www.gadgetbytenepal.com/redmi-note-15-pro-5g-price-nepal/,https://www.gadgetbytenepal.com/xiaomi-mobiles-price-in-nepal/,,2026-07-03T02:26:29.250524+00:00
GadgetByte Nepal,Mobiles,Xiaomi,Redmi Note 15 Pro,12GB/512GB,12GB,512GB,59999,"NPR 59,999 (12+512GB)",NPR,https://www.gadgetbytenepal.com/redmi-note-15-pro-5g-price-nepal/,https://www.gadgetbytenepal.com/xiaomi-mobiles-price-in-nepal/,,2026-07-03T02:26:29.250614+00:00
GadgetByte Nepal,Mobiles,Xiaomi,Redmi Note 15 Pro+ 5G,8GB/256GB,8GB,256GB,63999,"NPR 63,999 (8+256GB)",NPR,https://www.gadgetbytenepal.com/redmi-note-15-pro-plus-price-nepal/,https://www.gadgetbytenepal.com/xiaomi-mobiles-price-in-nepal/,,2026-07-03T02:26:29.250807+00:00
GadgetByte Nepal,Mobiles,Xiaomi,Redmi Note 15 Pro+ 5G,12GB/512GB,12GB,512GB,69999,"NPR 69,999 (12+512GB)",NPR,https://www.gadgetbytenepal.com/redmi-note-15-pro-plus-price-nepal/,https://www.gadgetbytenepal.com/xiaomi-mobiles-price-in-nepal/,,2026-07-03T02:26:29.250892+00:00
GadgetByte Nepal,Mobiles,Xiaomi,Xiaomi 17T,12GB/512GB,12GB,512GB,89999,"NPR 89,999 (12+512GB)",NPR,https://www.gadgetbytenepal.com/xiaomi-17t-price-nepal/,https://www.gadgetbytenepal.com/xiaomi-mobiles-price-in-nepal/,,2026-07-03T02:26:29.251086+00:00
GadgetByte Nepal,Mobiles,Xiaomi,Xiaomi 15 Ultra,16GB/512GB,16GB,512GB,149999,"NPR 149,999 (16+512GB)",NPR,https://www.gadgetbytenepal.com/xiaomi-15-ultra-price-in-nepal/,https://www.gadgetbytenepal.com/xiaomi-mobiles-price-in-nepal/,,2026-07-03T02:26:29.251317+00:00
GadgetByte Nepal,Mobiles,Xiaomi,Xiaomi 17 Ultra,16GB/512GB,16GB,512GB,199999,"NPR 199,999 (16+512GB)",NPR,https://www.gadgetbytenepal.com/xiaomi-17-ultra-price-nepal/,https://www.gadgetbytenepal.com/xiaomi-mobiles-price-in-nepal/,,2026-07-03T02:26:29.251546+00:00
GadgetByte Nepal,Mobiles,Vivo,Vivo Y05,4GB/64GB,4GB,64GB,21999,"Rs. 21,999",NPR,https://www.gadgetbytenepal.com/vivo-y05-price-in-nepal/,https://www.gadgetbytenepal.com/vivo-mobiles-price-nepal/,,2026-07-03T02:26:29.911034+00:00
GadgetByte Nepal,Mobiles,Vivo,Vivo Y05,4GB/128GB,4GB,128GB,24999,"Rs. 24,999",NPR,https://www.gadgetbytenepal.com/vivo-y05-price-in-nepal/,https://www.gadgetbytenepal.com/vivo-mobiles-price-nepal/,,2026-07-03T02:26:29.911196+00:00
GadgetByte Nepal,Mobiles,Vivo,Vivo Y11d,4GB/128GB,4GB,128GB,27999,"Rs. 27,999",NPR,https://www.gadgetbytenepal.com/vivo-y11d-price-in-nepal/,https://www.gadgetbytenepal.com/vivo-mobiles-price-nepal/,,2026-07-03T02:26:29.911326+00:00
GadgetByte Nepal,Mobiles,Vivo,Vivo Y11d,6GB/128GB,6GB,128GB,33999,"Rs. 33,999",NPR,https://www.gadgetbytenepal.com/vivo-y11d-price-in-nepal/,https://www.gadgetbytenepal.com/vivo-mobiles-price-nepal/,,2026-07-03T02:26:29.911441+00:00
GadgetByte Nepal,Mobiles,Vivo,Vivo Y21 5G,6GB/128GB,6GB,128GB,40999,"Rs. 40,999",NPR,https://www.gadgetbytenepal.com/vivo-y21-5g-price-in-nepal/,https://www.gadgetbytenepal.com/vivo-mobiles-price-nepal/,,2026-07-03T02:26:29.911563+00:00
GadgetByte Nepal,Mobiles,Vivo,Vivo Y31d,6GB/128GB,6GB,128GB,37999,"Rs. 37,999",NPR,https://www.gadgetbytenepal.com/vivo-y31d-price-nepal/,https://www.gadgetbytenepal.com/vivo-mobiles-price-nepal/,,2026-07-03T02:26:29.911709+00:00
GadgetByte Nepal,Mobiles,Vivo,Vivo Y31d,8GB/128GB,8GB,128GB,43999,"Rs. 43,999",NPR,https://www.gadgetbytenepal.com/vivo-y31d-price-nepal/,https://www.gadgetbytenepal.com/vivo-mobiles-price-nepal/,,2026-07-03T02:26:29.911829+00:00
GadgetByte Nepal,Mobiles,Vivo,Vivo Y31d,8GB/256GB,8GB,256GB,51999,"Rs. 51,999",NPR,https://www.gadgetbytenepal.com/vivo-y31d-price-nepal/,https://www.gadgetbytenepal.com/vivo-mobiles-price-nepal/,,2026-07-03T02:26:29.911946+00:00
GadgetByte Nepal,Mobiles,Vivo,Vivo V60 Lite 4G,8GB/256GB,8GB,256GB,43499,"Rs. 43,499",NPR,https://www.gadgetbytenepal.com/vivo-v60-lite-5g-price-nepal/,https://www.gadgetbytenepal.com/vivo-mobiles-price-nepal/,,2026-07-03T02:26:29.912061+00:00
GadgetByte Nepal,Mobiles,Vivo,Vivo V60 Lite 5G,12GB/256GB,12GB,256GB,51999,"Rs. 51,999",NPR,https://www.gadgetbytenepal.com/vivo-v60-lite-5g-price-nepal/,https://www.gadgetbytenepal.com/vivo-mobiles-price-nepal/,,2026-07-03T02:26:29.912173+00:00
GadgetByte Nepal,Mobiles,Vivo,Vivo Y500,8GB/128GB,8GB,128GB,54999,"Rs. 54,999",NPR,https://www.gadgetbytenepal.com/vivo-y500-price-nepal/,https://www.gadgetbytenepal.com/vivo-mobiles-price-nepal/,,2026-07-03T02:26:29.912289+00:00
GadgetByte Nepal,Mobiles,Vivo,Vivo Y500,8GB/256GB,8GB,256GB,61999,"Rs. 61,999",NPR,https://www.gadgetbytenepal.com/vivo-y500-price-nepal/,https://www.gadgetbytenepal.com/vivo-mobiles-price-nepal/,,2026-07-03T02:26:29.912398+00:00
GadgetByte Nepal,Mobiles,Vivo,Vivo V70 FE,8GB/256GB,8GB,256GB,62999,"Rs. 62,999",NPR,https://www.gadgetbytenepal.com/vivo-v70-fe-price-nepal/,https://www.gadgetbytenepal.com/vivo-mobiles-price-nepal/,,2026-07-03T02:26:29.912514+00:00
GadgetByte Nepal,Mobiles,Vivo,Vivo V70 FE,12GB/256GB,12GB,256GB,72999,"Rs. 72,999",NPR,https://www.gadgetbytenepal.com/vivo-v70-fe-price-nepal/,https://www.gadgetbytenepal.com/vivo-mobiles-price-nepal/,,2026-07-03T02:26:29.912621+00:00
GadgetByte Nepal,Mobiles,Vivo,Vivo V60 5G,12GB/256GB,12GB,256GB,74999,"Rs. 74,999",NPR,https://www.gadgetbytenepal.com/vivo-v60-price-nepal/,https://www.gadgetbytenepal.com/vivo-mobiles-price-nepal/,,2026-07-03T02:26:29.912739+00:00
GadgetByte Nepal,Mobiles,Vivo,Vivo V60 5G,12GB/512GB,12GB,512GB,79999,"Rs. 79,999",NPR,https://www.gadgetbytenepal.com/vivo-v60-price-nepal/,https://www.gadgetbytenepal.com/vivo-mobiles-price-nepal/,,2026-07-03T02:26:29.912845+00:00
GadgetByte Nepal,Mobiles,Vivo,Vivo V70 5G,8GB/256GB,8GB,256GB,84999,"Rs. 84,999",NPR,https://www.gadgetbytenepal.com/vivo-v70-price-nepal/,https://www.gadgetbytenepal.com/vivo-mobiles-price-nepal/,,2026-07-03T02:26:29.912957+00:00
GadgetByte Nepal,Mobiles,Vivo,Vivo V70 5G,12GB/256GB,12GB,256GB,102999,"Rs. 102,999",NPR,https://www.gadgetbytenepal.com/vivo-v70-price-nepal/,https://www.gadgetbytenepal.com/vivo-mobiles-price-nepal/,,2026-07-03T02:26:29.913086+00:00
GadgetByte Nepal,Mobiles,Vivo,Vivo V70 5G,12GB/512GB,12GB,512GB,122999,"Rs. 122,999",NPR,https://www.gadgetbytenepal.com/vivo-v70-price-nepal/,https://www.gadgetbytenepal.com/vivo-mobiles-price-nepal/,,2026-07-03T02:26:29.913196+00:00
GadgetByte Nepal,Mobiles,Vivo,Vivo X300 Pro,16GB/512GB,16GB,512GB,179999,"Rs. 179,999",NPR,https://www.gadgetbytenepal.com/vivo-x300-pro-price-nepal/,https://www.gadgetbytenepal.com/vivo-mobiles-price-nepal/,,2026-07-03T02:26:29.913308+00:00
GadgetByte Nepal,Mobiles,Poco,POCO X7 Pro,12GB/512GB,12GB,512GB,59999,"Rs. 59,999 (12/512GB)",NPR,https://www.gadgetbytenepal.com/poco-x7-pro-price-nepal/,https://www.gadgetbytenepal.com/poco-phones-price-nepal/,,2026-07-03T02:26:31.532223+00:00
GadgetByte Nepal,Mobiles,Poco,POCO X8 Pro,8GB/256GB,8GB,256GB,63999,"Rs. 63,999 (8/256)",NPR,https://www.gadgetbytenepal.com/poco-x8-pro-price-nepal/,https://www.gadgetbytenepal.com/poco-phones-price-nepal/,,2026-07-03T02:26:31.532493+00:00
GadgetByte Nepal,Mobiles,Poco,POCO X8 Pro,8GB/512GB,8GB,512GB,73999,"Rs. 73,999 (8/512)",NPR,https://www.gadgetbytenepal.com/poco-x8-pro-price-nepal/,https://www.gadgetbytenepal.com/poco-phones-price-nepal/,,2026-07-03T02:26:31.532638+00:00
GadgetByte Nepal,Mobiles,Poco,POCO F7,12GB/512GB,12GB,512GB,69999,"Rs. 69,999 (12/512GB)",NPR,https://www.gadgetbytenepal.com/poco-f7-price-nepal/,https://www.gadgetbytenepal.com/poco-phones-price-nepal/,,2026-07-03T02:26:31.532772+00:00
GadgetByte Nepal,Mobiles,Poco,POCO X8 Pro Max,12GB/256GB,12GB,256GB,79999,"Rs. 79,999 (12/256)",NPR,https://www.gadgetbytenepal.com/poco-x8-pro-max-price-nepal/,https://www.gadgetbytenepal.com/poco-phones-price-nepal/,,2026-07-03T02:26:31.532890+00:00
GadgetByte Nepal,Mobiles,Poco,POCO X8 Pro Max,12GB/512GB,12GB,512GB,89999,"Rs. 89,999 (12/512)",NPR,https://www.gadgetbytenepal.com/poco-x8-pro-max-price-nepal/,https://www.gadgetbytenepal.com/poco-phones-price-nepal/,,2026-07-03T02:26:31.533000+00:00
GadgetByte Nepal,Mobiles,Poco,POCO F8 Pro,12GB/512GB,12GB,512GB,99999,"Rs. 99,999 (12/512GB)",NPR,https://www.gadgetbytenepal.com/poco-f8-pro-price-nepal/,https://www.gadgetbytenepal.com/poco-phones-price-nepal/,,2026-07-03T02:26:31.533114+00:00
GadgetByte Nepal,Mobiles,Apple,iPhone 17 Pro Max,256GB,,256GB,242999,"NPR 242,999 (256GB)",NPR,https://www.gadgetbytenepal.com/iphone-17-pro-max-price-nepal/,https://www.gadgetbytenepal.com/apple-iphone-price-nepal/,,2026-07-03T02:26:32.122449+00:00
GadgetByte Nepal,Mobiles,Apple,iPhone 17 Pro Max,512GB,,512GB,300199,"NPR 300,199 (512GB)",NPR,https://www.gadgetbytenepal.com/iphone-17-pro-max-price-nepal/,https://www.gadgetbytenepal.com/apple-iphone-price-nepal/,,2026-07-03T02:26:32.122541+00:00
GadgetByte Nepal,Mobiles,Apple,iPhone 17 Pro Max,1TB,,1TB,342499,"NPR 342,499 (1TB)",NPR,https://www.gadgetbytenepal.com/iphone-17-pro-max-price-nepal/,https://www.gadgetbytenepal.com/apple-iphone-price-nepal/,,2026-07-03T02:26:32.122599+00:00
GadgetByte Nepal,Mobiles,Apple,iPhone 17 Pro Max,2TB,,2TB,426999,"NPR 426,999 (2TB)",NPR,https://www.gadgetbytenepal.com/iphone-17-pro-max-price-nepal/,https://www.gadgetbytenepal.com/apple-iphone-price-nepal/,,2026-07-03T02:26:32.122652+00:00
GadgetByte Nepal,Mobiles,Apple,iPhone 17 Pro,256GB,,256GB,236899,"NPR 236,899 (256GB)",NPR,https://www.gadgetbytenepal.com/iphone-17-pro-price-nepal/,https://www.gadgetbytenepal.com/apple-iphone-price-nepal/,,2026-07-03T02:26:32.122782+00:00
GadgetByte Nepal,Mobiles,Apple,iPhone 17 Pro,512GB,,512GB,279099,"NPR 279,099 (512GB)",NPR,https://www.gadgetbytenepal.com/iphone-17-pro-price-nepal/,https://www.gadgetbytenepal.com/apple-iphone-price-nepal/,,2026-07-03T02:26:32.122838+00:00
GadgetByte Nepal,Mobiles,Apple,iPhone 17 Pro,1TB,,1TB,321299,"NPR 321,299 (1TB)",NPR,https://www.gadgetbytenepal.com/iphone-17-pro-price-nepal/,https://www.gadgetbytenepal.com/apple-iphone-price-nepal/,,2026-07-03T02:26:32.122892+00:00
GadgetByte Nepal,Mobiles,Apple,iPhone Air,256GB,,256GB,190699,"NPR 190,699 (256GB)",NPR,https://www.gadgetbytenepal.com/iphone-air-price-nepal/,https://www.gadgetbytenepal.com/apple-iphone-price-nepal/,,2026-07-03T02:26:32.123018+00:00
GadgetByte Nepal,Mobiles,Apple,iPhone Air,512GB,,512GB,232899,"NPR 232,899 (512GB)",NPR,https://www.gadgetbytenepal.com/iphone-air-price-nepal/,https://www.gadgetbytenepal.com/apple-iphone-price-nepal/,,2026-07-03T02:26:32.123072+00:00
GadgetByte Nepal,Mobiles,Apple,iPhone Air,1TB,,1TB,275099,"NPR 275,099 (1TB)",NPR,https://www.gadgetbytenepal.com/iphone-air-price-nepal/,https://www.gadgetbytenepal.com/apple-iphone-price-nepal/,,2026-07-03T02:26:32.123122+00:00
GadgetByte Nepal,Mobiles,Apple,iPhone 17,256GB,,256GB,163499,"NPR 163,499 (256GB)",NPR,https://www.gadgetbytenepal.com/iphone-17-price-in-nepal/,https://www.gadgetbytenepal.com/apple-iphone-price-nepal/,,2026-07-03T02:26:32.123243+00:00
GadgetByte Nepal,Mobiles,Apple,iPhone 17,512GB,,512GB,215699,"NPR 215,699 (512GB)",NPR,https://www.gadgetbytenepal.com/iphone-17-price-in-nepal/,https://www.gadgetbytenepal.com/apple-iphone-price-nepal/,,2026-07-03T02:26:32.123300+00:00
GadgetByte Nepal,Mobiles,Apple,iPhone 16,128GB,,128GB,146599,"NPR 146,599 (128GB)",NPR,https://www.gadgetbytenepal.com/iphone-16-price-nepal/,https://www.gadgetbytenepal.com/apple-iphone-price-nepal/,,2026-07-03T02:26:32.123416+00:00
GadgetByte Nepal,Mobiles,Apple,iPhone 17e,256GB,,256GB,132499,"NPR 132,499 (256GB)",NPR,https://www.gadgetbytenepal.com/iphone-17e-price-in-nepal/,https://www.gadgetbytenepal.com/apple-iphone-price-nepal/,,2026-07-03T02:26:32.123530+00:00
GadgetByte Nepal,Mobiles,Apple,iPhone 17e,512GB,,512GB,175099,"NPR 175,099 (512GB)",NPR,https://www.gadgetbytenepal.com/iphone-17e-price-in-nepal/,https://www.gadgetbytenepal.com/apple-iphone-price-nepal/,,2026-07-03T02:26:32.123579+00:00
GadgetByte Nepal,Mobiles,Apple,iPhone 16e,128GB,,128GB,105999,"NPR 105,999 (128GB)",NPR,https://www.gadgetbytenepal.com/iphone-16e-price-in-nepal/,https://www.gadgetbytenepal.com/apple-iphone-price-nepal/,,2026-07-03T02:26:32.123687+00:00
GadgetByte Nepal,Mobiles,Apple,iPhone 15,128GB,,128GB,119499,"NPR 119,499 (128GB)",NPR,https://www.gadgetbytenepal.com/iphone-15-price-nepal/,https://www.gadgetbytenepal.com/apple-iphone-price-nepal/,,2026-07-03T02:26:32.123796+00:00
GadgetByte Nepal,Mobiles,Honor,Honor Play10,3GB/64GB,3GB,64GB,17499,"Rs. 17,499",NPR,https://www.gadgetbytenepal.com/honor-play10-4g-price-nepal/,https://www.gadgetbytenepal.com/honor-mobiles-price-nepal/,,2026-07-03T02:26:33.334423+00:00
GadgetByte Nepal,Mobiles,Honor,Honor Play10,4GB/128GB,4GB,128GB,19999,"Rs. 19,999",NPR,https://www.gadgetbytenepal.com/honor-play10-4g-price-nepal/,https://www.gadgetbytenepal.com/honor-mobiles-price-nepal/,,2026-07-03T02:26:33.334672+00:00
GadgetByte Nepal,Mobiles,Honor,Honor X5c,4GB/64GB,4GB,64GB,20499,"Rs. 20,499",NPR,https://www.gadgetbytenepal.com/honor-x5c-plus-price-nepal/,https://www.gadgetbytenepal.com/honor-mobiles-price-nepal/,,2026-07-03T02:26:33.334869+00:00
GadgetByte Nepal,Mobiles,Honor,Honor X5c Plus,4GB/128GB,4GB,128GB,22499,"Rs. 22,499",NPR,https://www.gadgetbytenepal.com/honor-x5c-plus-price-nepal/,https://www.gadgetbytenepal.com/honor-mobiles-price-nepal/,,2026-07-03T02:26:33.335038+00:00
GadgetByte Nepal,Mobiles,Honor,Honor X6c,6GB/128GB,6GB,128GB,23499,"Rs. 23,499",NPR,https://www.gadgetbytenepal.com/honor-x6c-price-nepal/,https://www.gadgetbytenepal.com/honor-mobiles-price-nepal/,,2026-07-03T02:26:33.335210+00:00
GadgetByte Nepal,Mobiles,Honor,Honor X6c,6GB/256GB,6GB,256GB,25499,"Rs. 25,499",NPR,https://www.gadgetbytenepal.com/honor-x6c-price-nepal/,https://www.gadgetbytenepal.com/honor-mobiles-price-nepal/,,2026-07-03T02:26:33.335422+00:00
GadgetByte Nepal,Mobiles,Honor,Honor X7d,8GB/256GB,8GB,256GB,33999,"Rs. 33,999",NPR,https://www.gadgetbytenepal.com/honor-x7d-price-nepal/,https://www.gadgetbytenepal.com/honor-mobiles-price-nepal/,,2026-07-03T02:26:33.335619+00:00
GadgetByte Nepal,Mobiles,Honor,Honor X7d,8GB/512GB,8GB,512GB,37999,"Rs. 37,999",NPR,https://www.gadgetbytenepal.com/honor-x7d-price-nepal/,https://www.gadgetbytenepal.com/honor-mobiles-price-nepal/,,2026-07-03T02:26:33.335812+00:00
GadgetByte Nepal,Mobiles,Honor,Honor X8c,8GB/512GB,8GB,512GB,33999,"Rs. 33,999",NPR,https://www.gadgetbytenepal.com/honor-x8c-price-nepal/,https://www.gadgetbytenepal.com/honor-mobiles-price-nepal/,,2026-07-03T02:26:33.336001+00:00
GadgetByte Nepal,Mobiles,Honor,Honor X8d,8GB/128GB,8GB,128GB,39999,"Rs. 39,999",NPR,https://www.gadgetbytenepal.com/honor-x8d-price-nepal/,https://www.gadgetbytenepal.com/honor-mobiles-price-nepal/,,2026-07-03T02:26:33.336181+00:00
GadgetByte Nepal,Mobiles,Honor,Honor X8d,8GB/256GB,8GB,256GB,43999,"Rs. 43,999",NPR,https://www.gadgetbytenepal.com/honor-x8d-price-nepal/,https://www.gadgetbytenepal.com/honor-mobiles-price-nepal/,,2026-07-03T02:26:33.336355+00:00
GadgetByte Nepal,Mobiles,Honor,Honor X9d,8GB/256GB,8GB,256GB,54999,"Rs. 54,999",NPR,https://www.gadgetbytenepal.com/honor-x9d-price-nepal/,https://www.gadgetbytenepal.com/honor-mobiles-price-nepal/,,2026-07-03T02:26:33.336557+00:00
GadgetByte Nepal,Mobiles,Honor,Honor X9d,12GB/256GB,12GB,256GB,59999,"Rs. 59,999",NPR,https://www.gadgetbytenepal.com/honor-x9d-price-nepal/,https://www.gadgetbytenepal.com/honor-mobiles-price-nepal/,,2026-07-03T02:26:33.336746+00:00
GadgetByte Nepal,Mobiles,Honor,Honor 600 lite,8GB/256GB,8GB,256GB,59999,"Rs. 59,999",NPR,https://www.gadgetbytenepal.com/honor-600-lite-price-in-nepal/,https://www.gadgetbytenepal.com/honor-mobiles-price-nepal/,,2026-07-03T02:26:33.336889+00:00
GadgetByte Nepal,Mobiles,Honor,Honor 600,8GB/256GB,8GB,256GB,84999,"Rs. 84,999",NPR,https://www.gadgetbytenepal.com/honor-600-price-in-nepal/,https://www.gadgetbytenepal.com/honor-mobiles-price-nepal/,,2026-07-03T02:26:33.337014+00:00
GadgetByte Nepal,Mobiles,Honor,Honor 600,12GB/256GB,12GB,256GB,89999,"Rs. 89,999",NPR,https://www.gadgetbytenepal.com/honor-600-price-in-nepal/,https://www.gadgetbytenepal.com/honor-mobiles-price-nepal/,,2026-07-03T02:26:33.337141+00:00
GadgetByte Nepal,Mobiles,Honor,Honor 600 Pro,12GB/256GB,12GB,256GB,129999,"Rs. 129,999",NPR,https://www.gadgetbytenepal.com/honor-600-pro-price-in-nepal/,https://www.gadgetbytenepal.com/honor-mobiles-price-nepal/,,2026-07-03T02:26:33.337271+00:00
GadgetByte Nepal,Mobiles,Honor,Honor Magic 8 Pro,12GB/512GB,12GB,512GB,199999,"Rs. 199,999",NPR,https://www.gadgetbytenepal.com/honor-magic-8-pro-price-nepal/,https://www.gadgetbytenepal.com/honor-mobiles-price-nepal/,,2026-07-03T02:26:33.337419+00:00
GadgetByte Nepal,Mobiles,Honor,Honor Magic V5,16GB/512GB,16GB,512GB,266999,"Rs. 266,999",NPR,https://www.gadgetbytenepal.com/honor-magic-v5-price-nepal/,https://www.gadgetbytenepal.com/honor-mobiles-price-nepal/,,2026-07-03T02:26:33.337551+00:00
GadgetByte Nepal,Mobiles,Nothing,CMF Phone 2 Pro,8GB/128GB,8GB,128GB,38999,"NPR 38,999 (8/128GB)",NPR,https://www.gadgetbytenepal.com/cmf-phone-2-pro-price-nepal/,https://www.gadgetbytenepal.com/nothing-phones-price-nepal/,,2026-07-03T02:26:34.487998+00:00
GadgetByte Nepal,Mobiles,Nothing,CMF Phone 2 Pro,8GB/256GB,8GB,256GB,44999,"NPR 44,999 (8/256GB)",NPR,https://www.gadgetbytenepal.com/cmf-phone-2-pro-price-nepal/,https://www.gadgetbytenepal.com/nothing-phones-price-nepal/,,2026-07-03T02:26:34.488118+00:00
GadgetByte Nepal,Mobiles,Nothing,Nothing Phone (3a) Lite,8GB/128GB,8GB,128GB,40999,"NPR 40,999 (8/128GB)",NPR,https://pre.gadgetbyte.com.np/nothing-phone-3a-lite-price-nepal/,https://www.gadgetbytenepal.com/nothing-phones-price-nepal/,,2026-07-03T02:26:34.488378+00:00
GadgetByte Nepal,Mobiles,Nothing,Nothing Phone (3a) Lite,8GB/256GB,8GB,256GB,45999,"NPR 45,999 (8/256GB)",NPR,https://pre.gadgetbyte.com.np/nothing-phone-3a-lite-price-nepal/,https://www.gadgetbytenepal.com/nothing-phones-price-nepal/,,2026-07-03T02:26:34.488459+00:00
GadgetByte Nepal,Mobiles,Nothing,Nothing Phone (2a) Plus,8GB/256GB,8GB,256GB,49999,"NPR 49,999 (8/256GB)",NPR,https://www.gadgetbytenepal.com/nothing-phone-2a-plus-price-nepal/,https://www.gadgetbytenepal.com/nothing-phones-price-nepal/,,2026-07-03T02:26:34.488612+00:00
GadgetByte Nepal,Mobiles,Nothing,Nothing Phone (2a) Plus,12GB/256GB,12GB,256GB,57499,"NPR 57,499 (12/256GB)",NPR,https://www.gadgetbytenepal.com/nothing-phone-2a-plus-price-nepal/,https://www.gadgetbytenepal.com/nothing-phones-price-nepal/,,2026-07-03T02:26:34.488728+00:00
GadgetByte Nepal,Mobiles,Nothing,Nothing Phone (4a),8GB/128GB,8GB,128GB,59999,"NPR 59,999 (8/128GB)",NPR,https://www.gadgetbytenepal.com/nothing-phone-4a-price-nepal/,https://www.gadgetbytenepal.com/nothing-phones-price-nepal/,,2026-07-03T02:26:34.489086+00:00
GadgetByte Nepal,Mobiles,Nothing,Nothing Phone (4a),8GB/256GB,8GB,256GB,65499,"NPR 65,499 (8/256GB)",NPR,https://www.gadgetbytenepal.com/nothing-phone-4a-price-nepal/,https://www.gadgetbytenepal.com/nothing-phones-price-nepal/,,2026-07-03T02:26:34.489170+00:00
GadgetByte Nepal,Mobiles,Nothing,Nothing Phone (4a),12GB/256GB,12GB,256GB,70999,"NPR 70,999 (12/256GB)",NPR,https://www.gadgetbytenepal.com/nothing-phone-4a-price-nepal/,https://www.gadgetbytenepal.com/nothing-phones-price-nepal/,,2026-07-03T02:26:34.489233+00:00
GadgetByte Nepal,Mobiles,Nothing,Nothing Phone (4a) Pro,12GB/256GB,12GB,256GB,86999,"NPR 86,999 (12/256GB)",NPR,https://www.gadgetbytenepal.com/nothing-phone-4a-pro-price-nepal/,https://www.gadgetbytenepal.com/nothing-phones-price-nepal/,,2026-07-03T02:26:34.489630+00:00
GadgetByte Nepal,Mobiles,Nothing,Nothing Phone (3),12GB/256GB,12GB,256GB,99999,"NPR 99,999 (12/256GB)",NPR,https://www.gadgetbytenepal.com/nothing-phone-3-price-nepal/,https://www.gadgetbytenepal.com/nothing-phones-price-nepal/,,2026-07-03T02:26:34.490152+00:00
GadgetByte Nepal,Mobiles,Nothing,Nothing Phone (3),16GB/512GB,16GB,512GB,114999,"NPR 114,999 (16/512GB)",NPR,https://www.gadgetbytenepal.com/nothing-phone-3-price-nepal/,https://www.gadgetbytenepal.com/nothing-phones-price-nepal/,,2026-07-03T02:26:34.490344+00:00
GadgetByte Nepal,Mobiles,OnePlus,OnePlus Nord CE 5,8GB/256GB,8GB,256GB,53999,"Rs. 53,999 (8/256GB)",NPR,https://www.gadgetbytenepal.com/oneplus-nord-ce-5g-price-nepal/,https://www.gadgetbytenepal.com/oneplus-mobiles-price-nepal/,,2026-07-03T02:26:35.908107+00:00
GadgetByte Nepal,Mobiles,OnePlus,OnePlus 15,16GB/512GB,16GB,512GB,169999,"Rs. 169,999 (16/512GB)",NPR,https://www.gadgetbytenepal.com/oneplus-15-price-nepal/,https://www.gadgetbytenepal.com/oneplus-mobiles-price-nepal/,,2026-07-03T02:26:35.908805+00:00
GadgetByte Nepal,Mobiles,Realme,Note 60x,3GB/64GB,3GB,64GB,15999,"Rs. 15,999",NPR,https://www.gadgetbytenepal.com/realme-note-60x-price-nepal/,https://www.gadgetbytenepal.com/realme-mobiles-price-nepal/,,2026-07-03T02:26:36.871054+00:00
GadgetByte Nepal,Mobiles,Realme,Note 60x,4GB/64GB,4GB,64GB,16999,"Rs. 16,999",NPR,https://www.gadgetbytenepal.com/realme-note-60x-price-nepal/,https://www.gadgetbytenepal.com/realme-mobiles-price-nepal/,,2026-07-03T02:26:36.871220+00:00
GadgetByte Nepal,Mobiles,Realme,Note 60x,4GB/128GB,4GB,128GB,19999,"Rs. 19,999",NPR,https://www.gadgetbytenepal.com/realme-note-60x-price-nepal/,https://www.gadgetbytenepal.com/realme-mobiles-price-nepal/,,2026-07-03T02:26:36.871356+00:00
GadgetByte Nepal,Mobiles,Realme,Realme C71,4GB/128GB,4GB,128GB,20999,"Rs. 20,999",NPR,https://www.gadgetbytenepal.com/realme-c71-price-nepal/,https://www.gadgetbytenepal.com/realme-mobiles-price-nepal/,,2026-07-03T02:26:36.871481+00:00
GadgetByte Nepal,Mobiles,Realme,Realme C71,6GB/128GB,6GB,128GB,25999,"Rs. 25,999",NPR,https://www.gadgetbytenepal.com/realme-c71-price-nepal/,https://www.gadgetbytenepal.com/realme-mobiles-price-nepal/,,2026-07-03T02:26:36.871605+00:00
GadgetByte Nepal,Mobiles,Realme,Note 70,4GB/64GB,4GB,64GB,15499,"Rs. 15,499",NPR,https://www.gadgetbytenepal.com/realme-note-70-price-nepal/,https://www.gadgetbytenepal.com/realme-mobiles-price-nepal/,,2026-07-03T02:26:36.871736+00:00
GadgetByte Nepal,Mobiles,Realme,Note 70,4GB/128GB,4GB,128GB,20999,"Rs. 20,999",NPR,https://www.gadgetbytenepal.com/realme-note-70-price-nepal/,https://www.gadgetbytenepal.com/realme-mobiles-price-nepal/,,2026-07-03T02:26:36.871860+00:00
GadgetByte Nepal,Mobiles,Realme,Note 70,6GB/128GB,6GB,128GB,23999,"Rs. 23,999",NPR,https://www.gadgetbytenepal.com/realme-note-70-price-nepal/,https://www.gadgetbytenepal.com/realme-mobiles-price-nepal/,,2026-07-03T02:26:36.871974+00:00
GadgetByte Nepal,Mobiles,Realme,Realme C75,8GB/128GB,8GB,128GB,24999,"Rs. 24,999",NPR,https://www.gadgetbytenepal.com/realme-c75-price-nepal/,https://www.gadgetbytenepal.com/realme-mobiles-price-nepal/,,2026-07-03T02:26:36.872282+00:00
GadgetByte Nepal,Mobiles,Realme,Realme C75,8GB/256GB,8GB,256GB,26999,"Rs. 26,999",NPR,https://www.gadgetbytenepal.com/realme-c75-price-nepal/,https://www.gadgetbytenepal.com/realme-mobiles-price-nepal/,,2026-07-03T02:26:36.872412+00:00
GadgetByte Nepal,Mobiles,Realme,Realme C85 Pro,8GB/128GB,8GB,128GB,36999,"Rs. 36,999(New)",NPR,https://gadgetbytenepal.com/realme-c85-pro-price-nepal/,https://www.gadgetbytenepal.com/realme-mobiles-price-nepal/,,2026-07-03T02:26:36.872576+00:00
GadgetByte Nepal,Mobiles,Realme,Realme 14T,8GB/256GB,8GB,256GB,36999,"Rs. 36,999",NPR,https://www.gadgetbytenepal.com/realme-14t-5g-price-nepal/,https://www.gadgetbytenepal.com/realme-mobiles-price-nepal/,,2026-07-03T02:26:36.872716+00:00
GadgetByte Nepal,Mobiles,Realme,Realme C38,8GB/256GB,8GB,256GB,39999,"Rs. 39,999(New)",NPR,https://gadgetbytenepal.com/realme-c85-price-nepal/,https://www.gadgetbytenepal.com/realme-mobiles-price-nepal/,,2026-07-03T02:26:36.872848+00:00
GadgetByte Nepal,Mobiles,Realme,Realme 15T,8GB/256GB,8GB,256GB,39999,"Rs. 39,999",NPR,https://www.gadgetbytenepal.com/realme-15t-price-nepal/,https://www.gadgetbytenepal.com/realme-mobiles-price-nepal/,,2026-07-03T02:26:36.872988+00:00
GadgetByte Nepal,Mobiles,Realme,Realme 15T,12GB/512GB,12GB,512GB,49999,"Rs. 49,999",NPR,https://www.gadgetbytenepal.com/realme-15t-price-nepal/,https://www.gadgetbytenepal.com/realme-mobiles-price-nepal/,,2026-07-03T02:26:36.873385+00:00
GadgetByte Nepal,Mobiles,Realme,Realme P3,8GB/256GB,8GB,256GB,44999,"Rs. 44,999(New)",NPR,https://www.gadgetbytenepal.com/realme-p3-5gprice-in-nepal/,https://www.gadgetbytenepal.com/realme-mobiles-price-nepal/,,2026-07-03T02:26:36.873593+00:00
GadgetByte Nepal,Mobiles,Realme,Realme P3 Ultra,12GB/256GB,12GB,256GB,65999,"Rs. 65,999(New)",NPR,https://www.gadgetbytenepal.com/realme-p3-ultra-5g-price-nepal/,https://www.gadgetbytenepal.com/realme-mobiles-price-nepal/,,2026-07-03T02:26:36.873908+00:00
GadgetByte Nepal,Mobiles,Realme,Realme 15 Pro,12GB/256GB,12GB,256GB,66999,"Rs. 66,999",NPR,https://www.gadgetbytenepal.com/realme-15-pro-price-nepal/,https://www.gadgetbytenepal.com/realme-mobiles-price-nepal/,,2026-07-03T02:26:36.874123+00:00
GadgetByte Nepal,Mobiles,Realme,Realme 15 Pro,12GB/512GB,12GB,512GB,71999,"Rs. 71,999",NPR,https://www.gadgetbytenepal.com/realme-15-pro-price-nepal/,https://www.gadgetbytenepal.com/realme-mobiles-price-nepal/,,2026-07-03T02:26:36.874282+00:00
GadgetByte Nepal,Mobiles,Realme,Realme GT 8 Pro,16GB/512GB,16GB,512GB,149999,"Rs. 149,999 (New)",NPR,https://www.gadgetbytenepal.com/realme-gt8-pro-price-nepal/,https://www.gadgetbytenepal.com/realme-mobiles-price-nepal/,,2026-07-03T02:26:36.874430+00:00
GadgetByte Nepal,Mobiles,Oppo,OPPO A5x 4G,4GB/64GB,4GB,64GB,16999,"NPR 16,999",NPR,https://www.gadgetbytenepal.com/oppo-a5x-4g-price-nepal/,https://www.gadgetbytenepal.com/oppo-mobiles-price-nepal/,,2026-07-03T02:26:38.204611+00:00
GadgetByte Nepal,Mobiles,Oppo,OPPO A5x 4G,4GB/128GB,4GB,128GB,19499,"NPR 19,499",NPR,https://www.gadgetbytenepal.com/oppo-a5x-4g-price-nepal/,https://www.gadgetbytenepal.com/oppo-mobiles-price-nepal/,,2026-07-03T02:26:38.204893+00:00
GadgetByte Nepal,Mobiles,Oppo,OPPO A6c,4GB/128GB,4GB,128GB,30999,"NPR 30,999",NPR,https://www.gadgetbytenepal.com/oppo-a6c-price-nepal/,https://www.gadgetbytenepal.com/oppo-mobiles-price-nepal/,,2026-07-03T02:26:38.205332+00:00
GadgetByte Nepal,Mobiles,Oppo,OPPO A5x 4G,6GB/128GB,6GB,128GB,19999,"NPR 19,999",NPR,https://www.gadgetbytenepal.com/oppo-a5x-4g-price-nepal/,https://www.gadgetbytenepal.com/oppo-mobiles-price-nepal/,,2026-07-03T02:26:38.205657+00:00
GadgetByte Nepal,Mobiles,Oppo,OPPO A5 4G,6GB/128GB,6GB,128GB,22999,"NPR 22,999",NPR,https://www.gadgetbytenepal.com/oppo-a5-price-nepal/,https://www.gadgetbytenepal.com/oppo-mobiles-price-nepal/,,2026-07-03T02:26:38.205827+00:00
GadgetByte Nepal,Mobiles,Oppo,OPPO A5 4G,8GB/128GB,8GB,128GB,24999,"NPR 24,999",NPR,https://www.gadgetbytenepal.com/oppo-a5-price-nepal/,https://www.gadgetbytenepal.com/oppo-mobiles-price-nepal/,,2026-07-03T02:26:38.205951+00:00
GadgetByte Nepal,Mobiles,Oppo,Oppo A6x 4G,6GB/128GB,6GB,128GB,32499,"NPR 32,499",NPR,https://www.gadgetbytenepal.com/oppo-a6x-price-nepal/,https://www.gadgetbytenepal.com/oppo-mobiles-price-nepal/,,2026-07-03T02:26:38.206074+00:00
GadgetByte Nepal,Mobiles,Oppo,OPPO A5 Pro 4G,8GB/256GB,8GB,256GB,32999,"NPR 32,999",NPR,https://www.gadgetbytenepal.com/oppo-a5-pro-4g-price-nepal/,https://www.gadgetbytenepal.com/oppo-mobiles-price-nepal/,,2026-07-03T02:26:38.206196+00:00
GadgetByte Nepal,Mobiles,Oppo,OPPO A6,8GB/128GB,8GB,128GB,40999,"NPR 40,999",NPR,https://www.gadgetbytenepal.com/oppo-a6-price-nepal/,https://www.gadgetbytenepal.com/oppo-mobiles-price-nepal/,,2026-07-03T02:26:38.206317+00:00
GadgetByte Nepal,Mobiles,Oppo,OPPO A6 Pro 4G,8GB/256GB,8GB,256GB,48999,"NPR 48,999",NPR,https://www.gadgetbytenepal.com/oppo-a6-pro-4g-price-nepal/,https://www.gadgetbytenepal.com/oppo-mobiles-price-nepal/,,2026-07-03T02:26:38.206599+00:00
GadgetByte Nepal,Mobiles,Oppo,OPPO Reno14 F,12GB/512GB,12GB,512GB,57999,"NPR 57,999",NPR,https://www.gadgetbytenepal.com/oppo-reno14-f-price-nepal/,https://www.gadgetbytenepal.com/oppo-mobiles-price-nepal/,,2026-07-03T02:26:38.206731+00:00
GadgetByte Nepal,Mobiles,Oppo,OPPO Reno 15 F,12GB/512GB,12GB,512GB,69999,"NPR 69,999",NPR,https://www.gadgetbytenepal.com/oppo-reno-15f-price-nepal/,https://www.gadgetbytenepal.com/oppo-mobiles-price-nepal/,,2026-07-03T02:26:38.206865+00:00
GadgetByte Nepal,Mobiles,Oppo,OPPO Reno 15 5G,12GB/512GB,12GB,512GB,89999,"NPR 89,999",NPR,https://www.gadgetbytenepal.com/oppo-reno-15-price-nepal/,https://www.gadgetbytenepal.com/oppo-mobiles-price-nepal/,,2026-07-03T02:26:38.206993+00:00
GadgetByte Nepal,Mobiles,Motorola,Moto Razr 50,8GB/256GB,8GB,256GB,109999,"Rs. 109,999",NPR,https://www.gadgetbytenepal.com/motorola-razr-50-price-nepal/,https://www.gadgetbytenepal.com/motorola-mobiles-price-nepal/,,2026-07-03T02:26:39.456179+00:00
GadgetByte Nepal,Mobiles,Motorola,Moto Edge 50 Fusion,12GB/256GB,12GB,256GB,46999,"Rs. 46,999",NPR,https://www.gadgetbytenepal.com/motorola-edge-50-fusion-price-nepal/,https://www.gadgetbytenepal.com/motorola-mobiles-price-nepal/,,2026-07-03T02:26:39.456361+00:00
GadgetByte Nepal,Mobiles,Motorola,Moto G96,8GB/256GB,8GB,256GB,39999,"Rs. 39,999",NPR,https://www.gadgetbytenepal.com/moto-g96-5g-price-nepal/,https://www.gadgetbytenepal.com/motorola-mobiles-price-nepal/,,2026-07-03T02:26:39.456504+00:00
GadgetByte Nepal,Mobiles,Motorola,Moto G85,12GB/256GB,12GB,256GB,37499,"Rs. 37,499",NPR,https://www.gadgetbytenepal.com/moto-g85-5g-price-nepal/,https://www.gadgetbytenepal.com/motorola-mobiles-price-nepal/,,2026-07-03T02:26:39.456644+00:00
GadgetByte Nepal,Mobiles,Motorola,Moto G85,8GB/256GB,8GB,256GB,34499,"Rs. 34,499",NPR,https://www.gadgetbytenepal.com/moto-g85-5g-price-nepal/,https://www.gadgetbytenepal.com/motorola-mobiles-price-nepal/,,2026-07-03T02:26:39.456791+00:00
GadgetByte Nepal,Mobiles,Motorola,Moto G57 Power,8GB/128GB,8GB,128GB,37499,"Rs. 37,499",NPR,https://www.gadgetbytenepal.com/motorola-moto-g57-power-price-nepal/,https://www.gadgetbytenepal.com/motorola-mobiles-price-nepal/,,2026-07-03T02:26:39.456929+00:00
GadgetByte Nepal,Mobiles,Motorola,Moto G64,8GB/128GB,8GB,128GB,27499,"Rs. 27,499",NPR,https://www.gadgetbytenepal.com/moto-g64-price-nepal/,https://www.gadgetbytenepal.com/motorola-mobiles-price-nepal/,,2026-07-03T02:26:39.457506+00:00
GadgetByte Nepal,Mobiles,Motorola,Moto G64,12GB/256GB,12GB,256GB,30999,"Rs. 30,999",NPR,https://www.gadgetbytenepal.com/moto-g64-price-nepal/,https://www.gadgetbytenepal.com/motorola-mobiles-price-nepal/,,2026-07-03T02:26:39.457956+00:00
GadgetByte Nepal,Mobiles,Motorola,Moto G45,8GB/128GB,8GB,128GB,24999,"Rs. 24,999",NPR,https://www.gadgetbytenepal.com/moto-g45-5g-price-nepal/,https://www.gadgetbytenepal.com/motorola-mobiles-price-nepal/,,2026-07-03T02:26:39.458190+00:00
GadgetByte Nepal,Mobiles,Motorola,Moto G35 5G,4GB/128GB,4GB,128GB,19999,"Rs. 19,999",NPR,https://www.gadgetbytenepal.com/moto-g35-5g-price-nepal/,https://www.gadgetbytenepal.com/motorola-mobiles-price-nepal/,,2026-07-03T02:26:39.458360+00:00
GadgetByte Nepal,Mobiles,Motorola,Moto G06 Power,4GB/64GB,4GB,64GB,18999,"Rs. 18,999",NPR,https://www.gadgetbytenepal.com/motorola-moto-g06-power-price-nepal/,https://www.gadgetbytenepal.com/motorola-mobiles-price-nepal/,,2026-07-03T02:26:39.458513+00:00
GadgetByte Nepal,Mobiles,Motorola,Moto G05,4GB/64GB,4GB,64GB,14499,"Rs. 14,499",NPR,https://www.gadgetbytenepal.com/moto-g05-price-nepal/,https://www.gadgetbytenepal.com/motorola-mobiles-price-nepal/,,2026-07-03T02:26:39.458662+00:00
GadgetByte Nepal,Mobiles,Infinix,Infinix Smart 20,4GB/64GB,4GB,64GB,19999,"Rs. 19,999 (4/64GB)",NPR,https://www.gadgetbytenepal.com/infinix-smart-20-price-nepal/,https://www.gadgetbytenepal.com/infinix-mobile-price-nepal/,,2026-07-03T02:26:40.992845+00:00
GadgetByte Nepal,Mobiles,Infinix,Infinix Smart 20,4GB/128GB,4GB,128GB,21999,"Rs. 21,999 (4/128GB)",NPR,https://www.gadgetbytenepal.com/infinix-smart-20-price-nepal/,https://www.gadgetbytenepal.com/infinix-mobile-price-nepal/,,2026-07-03T02:26:40.992972+00:00
GadgetByte Nepal,Mobiles,Infinix,Infinix Hot 70,6GB/128GB,6GB,128GB,31999,"Rs. 31,999 (6/128GB)",NPR,https://www.gadgetbytenepal.com/infinix-hot-70-price-in-nepal/,https://www.gadgetbytenepal.com/infinix-mobile-price-nepal/,,2026-07-03T02:26:40.993812+00:00
GadgetByte Nepal,Mobiles,Infinix,Infinix Hot 70,8GB/128GB,8GB,128GB,34999,"Rs. 34,999 (8/128GB)",NPR,https://www.gadgetbytenepal.com/infinix-hot-70-price-in-nepal/,https://www.gadgetbytenepal.com/infinix-mobile-price-nepal/,,2026-07-03T02:26:40.993905+00:00
GadgetByte Nepal,Mobiles,Infinix,Infinix GT 30 5G,8GB/256GB,8GB,256GB,36999,"Rs. 36,999 (8/256GB)",NPR,https://www.gadgetbytenepal.com/infinix-gt-30-5g-price-nepal/,https://www.gadgetbytenepal.com/infinix-mobile-price-nepal/,,2026-07-03T02:26:40.994507+00:00
GadgetByte Nepal,Mobiles,Infinix,Infinix Note Edge,8GB/128GB,8GB,128GB,41999,"Rs. 41,999 (8/128GB)",NPR,https://www.gadgetbytenepal.com/infinix-note-edge-price-nepal/,https://www.gadgetbytenepal.com/infinix-mobile-price-nepal/,,2026-07-03T02:26:40.994769+00:00
GadgetByte Nepal,Mobiles,Infinix,Infinix Note Edge,8GB/256GB,8GB,256GB,47999,"Rs. 47,999 (8/256GB)",NPR,https://www.gadgetbytenepal.com/infinix-note-edge-price-nepal/,https://www.gadgetbytenepal.com/infinix-mobile-price-nepal/,,2026-07-03T02:26:40.994842+00:00
GadgetByte Nepal,Mobiles,Infinix,Infinix Note 60,8GB/128GB,8GB,128GB,45999,"Rs. 45,999 (8/128GB)",NPR,https://www.gadgetbytenepal.com/infinix-note-60-price-in-nepal/,https://www.gadgetbytenepal.com/infinix-mobile-price-nepal/,,2026-07-03T02:26:40.994987+00:00
GadgetByte Nepal,Mobiles,Infinix,Infinix Note 60,8GB/256GB,8GB,256GB,51999,"Rs. 51,999 (8/256GB)",NPR,https://www.gadgetbytenepal.com/infinix-note-60-price-in-nepal/,https://www.gadgetbytenepal.com/infinix-mobile-price-nepal/,,2026-07-03T02:26:40.995046+00:00
GadgetByte Nepal,Mobiles,Infinix,Infinix GT 30 Pro,8GB/256GB,8GB,256GB,47999,"Rs. 47,999 (8/256GB)",NPR,https://www.gadgetbytenepal.com/infinix-gt-30-pro-price-nepal-2/,https://www.gadgetbytenepal.com/infinix-mobile-price-nepal/,,2026-07-03T02:26:40.995190+00:00
GadgetByte Nepal,Mobiles,Infinix,Infinix Note 60 Pro,8GB/256GB,8GB,256GB,59999,"Rs. 59,999 (8/256GB)",NPR,https://www.gadgetbytenepal.com/infinix-note-60-pro-price-in-nepal/,https://www.gadgetbytenepal.com/infinix-mobile-price-nepal/,,2026-07-03T02:26:40.995325+00:00
GadgetByte Nepal,Mobiles,Infinix,Infinix Note 60 Pro,12GB/256GB,12GB,256GB,66999,"Rs. 66,999 (12/256GB)",NPR,https://www.gadgetbytenepal.com/infinix-note-60-pro-price-in-nepal/,https://www.gadgetbytenepal.com/infinix-mobile-price-nepal/,,2026-07-03T02:26:40.995396+00:00
GadgetByte Nepal,Mobiles,ZTE,ZTE Blade A35e,2GB/64GB,2GB,64GB,10499,"Rs. 10,499 (2/64GB)",NPR,https://www.gadgetbytenepal.com/zte-blade-a35e-price-nepal/,https://www.gadgetbytenepal.com/zte-mobiles-price-nepal/,,2026-07-03T02:26:42.423090+00:00
GadgetByte Nepal,Mobiles,ZTE,ZTE Blade A55,4GB/64GB,4GB,64GB,11999,"Rs. 11,999 (4/64GB)",NPR,https://www.gadgetbytenepal.com/zte-blade-a55-price-nepal/,https://www.gadgetbytenepal.com/zte-mobiles-price-nepal/,,2026-07-03T02:26:42.423254+00:00
GadgetByte Nepal,Mobiles,ZTE,ZTE Blade A55,4GB/128GB,4GB,128GB,12999,"Rs. 12,999 (4/128GB)",NPR,https://www.gadgetbytenepal.com/zte-blade-a55-price-nepal/,https://www.gadgetbytenepal.com/zte-mobiles-price-nepal/,,2026-07-03T02:26:42.423315+00:00
GadgetByte Nepal,Mobiles,ZTE,ZTE Blade A75,4GB/256GB,4GB,256GB,13999,"Rs. 13,999 (4/256GB)",NPR,https://www.gadgetbytenepal.com/zte-blade-a75-price-nepal/,https://www.gadgetbytenepal.com/zte-mobiles-price-nepal/,,2026-07-03T02:26:42.423438+00:00
GadgetByte Nepal,Mobiles,ZTE,Nubia A36,4GB/64GB,4GB,64GB,15999,"Rs. 15,999 (4/64GB)",NPR,https://www.gadgetbytenepal.com/zte-nubia-a36-price-nepal/,https://www.gadgetbytenepal.com/zte-mobiles-price-nepal/,,2026-07-03T02:26:42.423561+00:00
GadgetByte Nepal,Mobiles,ZTE,Nubia A56,4GB/128GB,4GB,128GB,16999,"Rs. 16,999 (4/128GB)",NPR,https://www.gadgetbytenepal.com/zte-nubia-a56-price-nepal/,https://www.gadgetbytenepal.com/zte-mobiles-price-nepal/,,2026-07-03T02:26:42.423678+00:00
GadgetByte Nepal,Mobiles,ZTE,Nubia V70 Max,6GB/128GB,6GB,128GB,15999,"Rs. 15,999 (6/128GB)",NPR,https://www.gadgetbytenepal.com/zte-blade-v70-max-price-nepal/,https://www.gadgetbytenepal.com/zte-mobiles-price-nepal/,,2026-07-03T02:26:42.423794+00:00
GadgetByte Nepal,Mobiles,ZTE,Nubia V70,6GB/128GB,6GB,128GB,15999,"Rs. 15,999 (6/128GB)",NPR,https://www.gadgetbytenepal.com/zte-blade-v70-price-nepal/,https://www.gadgetbytenepal.com/zte-mobiles-price-nepal/,,2026-07-03T02:26:42.423908+00:00
GadgetByte Nepal,Mobiles,ZTE,Nubia V70,8GB/128GB,8GB,128GB,16999,"Rs. 16,999 (8/128GB)",NPR,https://www.gadgetbytenepal.com/zte-blade-v70-price-nepal/,https://www.gadgetbytenepal.com/zte-mobiles-price-nepal/,,2026-07-03T02:26:42.423958+00:00
GadgetByte Nepal,Mobiles,ZTE,Nubia V70,8GB/256GB,8GB,256GB,18999,"Rs. 18,999 (8/256GB)",NPR,https://www.gadgetbytenepal.com/zte-blade-v70-price-nepal/,https://www.gadgetbytenepal.com/zte-mobiles-price-nepal/,,2026-07-03T02:26:42.424006+00:00
GadgetByte Nepal,Mobiles,ZTE,Nubia V80 Max,8GB/128GB,8GB,128GB,23999,"Rs. 23,999 (8/128GB)",NPR,https://www.gadgetbytenepal.com/nubia-v80-max-price-nepal/,https://www.gadgetbytenepal.com/zte-mobiles-price-nepal/,,2026-07-03T02:26:42.424117+00:00
GadgetByte Nepal,Mobiles,ZTE,Nubia V80 Max,8GB/256GB,8GB,256GB,26999,"Rs. 26,999 (8/256GB)",NPR,https://www.gadgetbytenepal.com/nubia-v80-max-price-nepal/,https://www.gadgetbytenepal.com/zte-mobiles-price-nepal/,,2026-07-03T02:26:42.424165+00:00
GadgetByte Nepal,Mobiles,ZTE,Nubia V80 Design,8GB/128GB,8GB,128GB,24999,"Rs. 24,999 (8/128GB)",NPR,https://gadgetbytenepal.com/nubia-v80-design-price-nepal/,https://www.gadgetbytenepal.com/zte-mobiles-price-nepal/,,2026-07-03T02:26:42.424275+00:00
GadgetByte Nepal,Mobiles,ZTE,Nubia V80 Design,8GB/256GB,8GB,256GB,27999,"Rs. 27,999 (8/256GB)",NPR,https://gadgetbytenepal.com/nubia-v80-design-price-nepal/,https://www.gadgetbytenepal.com/zte-mobiles-price-nepal/,,2026-07-03T02:26:42.424338+00:00
GadgetByte Nepal,Mobiles,ZTE,Nubia Air,8GB/256GB,8GB,256GB,33999,"Rs. 33,999 (8/256GB)",NPR,https://gadgetbytenepal.com/nubia-air-price-nepal/,https://www.gadgetbytenepal.com/zte-mobiles-price-nepal/,,2026-07-03T02:26:42.424455+00:00
GadgetByte Nepal,Mobiles,ZTE,Nubia Neo 3 GT,12GB/256GB,12GB,256GB,36999,"Rs. 36,999 (12/256GB)",NPR,https://www.gadgetbytenepal.com/nubia-neo-3-gt-price-nepal/,https://www.gadgetbytenepal.com/zte-mobiles-price-nepal/,,2026-07-03T02:26:42.424571+00:00
GadgetByte Nepal,Mobiles,ZTE,Nubia Neo 5 5G,8GB/256GB,8GB,256GB,55999,"Rs. 55,999 (8/256GB)",NPR,https://www.gadgetbytenepal.com/nubia-neo-5-5g-price-in-nepal/,https://www.gadgetbytenepal.com/zte-mobiles-price-nepal/,,2026-07-03T02:26:42.424684+00:00
GadgetByte Nepal,Mobiles,ZTE,Nubia Neo 5 GT,12GB/256GB,12GB,256GB,77999,"Rs. 77,999 (12/256GB)",NPR,https://www.gadgetbytenepal.com/nubia-neo-5-gt-price-nepal/,https://www.gadgetbytenepal.com/zte-mobiles-price-nepal/,,2026-07-03T02:26:42.424804+00:00
GadgetByte Nepal,Mobiles,ZTE,RedMagic 11 Pro,16GB/512GB,16GB,512GB,164999,"Rs. 164,999 (16/512GB)",NPR,https://www.gadgetbytenepal.com/redmagic-11-pro-price-nepal/,https://www.gadgetbytenepal.com/zte-mobiles-price-nepal/,,2026-07-03T02:26:42.424922+00:00
GadgetByte Nepal,Mobiles,AI Plus,Ai+ Pulse,4GB/64GB,4GB,64GB,14999,"NPR 14,999",NPR,https://www.gadgetbytenepal.com/ai-plus-pulse-and-nova-5g-price-nepal/,https://www.gadgetbytenepal.com/ai-plus-pulse-and-nova-5g-price-nepal/,,2026-07-03T02:26:43.571868+00:00
GadgetByte Nepal,Mobiles,AI Plus,Ai+ Pulse,6GB/128GB,6GB,128GB,16499,"NPR 16,499",NPR,https://www.gadgetbytenepal.com/ai-plus-pulse-and-nova-5g-price-nepal/,https://www.gadgetbytenepal.com/ai-plus-pulse-and-nova-5g-price-nepal/,,2026-07-03T02:26:43.572175+00:00
GadgetByte Nepal,Mobiles,AI Plus,Ai+ Nova 5G,6GB/128GB,6GB,128GB,18499,"NPR 18,499",NPR,https://www.gadgetbytenepal.com/ai-plus-pulse-and-nova-5g-price-nepal/,https://www.gadgetbytenepal.com/ai-plus-pulse-and-nova-5g-price-nepal/,,2026-07-03T02:26:43.572363+00:00
GadgetByte Nepal,Mobiles,AI Plus,Ai+ Nova 5G,8GB/128GB,8GB,128GB,21999,"NPR 21,999",NPR,https://www.gadgetbytenepal.com/ai-plus-pulse-and-nova-5g-price-nepal/,https://www.gadgetbytenepal.com/ai-plus-pulse-and-nova-5g-price-nepal/,,2026-07-03T02:26:43.572491+00:00
GadgetByte Nepal,Mobiles,Tecno,Spark Go 2,4GB/64GB,4GB,64GB,16000,"Rs. 16,000 (4/64GB)",NPR,https://www.gadgetbytenepal.com/tecno-spark-go-2-price-nepal/,https://www.gadgetbytenepal.com/tecno-mobiles-price-nepal/,,2026-07-03T02:26:44.732653+00:00
GadgetByte Nepal,Mobiles,Tecno,Spark Go 2,4GB/128GB,4GB,128GB,17500,"Rs. 17,500 (4/128GB)",NPR,https://www.gadgetbytenepal.com/tecno-spark-go-2-price-nepal/,https://www.gadgetbytenepal.com/tecno-mobiles-price-nepal/,,2026-07-03T02:26:44.732755+00:00
GadgetByte Nepal,Mobiles,Tecno,Spark Go 3,4GB/64GB,4GB,64GB,18999,"Rs. 18,999 (4/64GB)",NPR,https://www.gadgetbytenepal.com/tecno-spark-go-3-price-nepal/,https://www.gadgetbytenepal.com/tecno-mobiles-price-nepal/,,2026-07-03T02:26:44.732903+00:00
GadgetByte Nepal,Mobiles,Tecno,Spark Go 3,4GB/128GB,4GB,128GB,19999,"Rs. 19,999 (4/128GB)",NPR,https://www.gadgetbytenepal.com/tecno-spark-go-3-price-nepal/,https://www.gadgetbytenepal.com/tecno-mobiles-price-nepal/,,2026-07-03T02:26:44.732964+00:00
GadgetByte Nepal,Mobiles,Tecno,Spark 30C,6GB/128GB,6GB,128GB,16490,"Rs. 16,490 (6/128GB)",NPR,https://www.gadgetbytenepal.com/tecno-spark-30c-price-nepal/,https://www.gadgetbytenepal.com/tecno-mobiles-price-nepal/,,2026-07-03T02:26:44.733101+00:00
GadgetByte Nepal,Mobiles,Tecno,Spark 30C,8GB/256GB,8GB,256GB,19990,"Rs. 19,990 (8/256GB)",NPR,https://www.gadgetbytenepal.com/tecno-spark-30c-price-nepal/,https://www.gadgetbytenepal.com/tecno-mobiles-price-nepal/,,2026-07-03T02:26:44.733162+00:00
GadgetByte Nepal,Mobiles,Tecno,Spark 30,8GB/256GB,8GB,256GB,22490,"Rs. 22,490 (8/256GB)",NPR,https://www.gadgetbytenepal.com/tecno-spark-30-price-nepal/,https://www.gadgetbytenepal.com/tecno-mobiles-price-nepal/,,2026-07-03T02:26:44.733300+00:00
GadgetByte Nepal,Mobiles,Tecno,Spark 40,6GB/128GB,6GB,128GB,18999,"Rs. 18,999 (6/128GB)",NPR,https://www.gadgetbytenepal.com/tecno-spark-40-price-nepal/,https://www.gadgetbytenepal.com/tecno-mobiles-price-nepal/,,2026-07-03T02:26:44.733442+00:00
GadgetByte Nepal,Mobiles,Tecno,Spark 40,8GB/256GB,8GB,256GB,24999,"Rs. 24,999 (8/256GB)",NPR,https://www.gadgetbytenepal.com/tecno-spark-40-price-nepal/,https://www.gadgetbytenepal.com/tecno-mobiles-price-nepal/,,2026-07-03T02:26:44.733506+00:00
GadgetByte Nepal,Mobiles,Tecno,Spark 50,6GB/128GB,6GB,128GB,26999,"Rs. 26,999 (6/128GB)",NPR,https://www.gadgetbytenepal.com/tecno-spark-50-4g-price-in-nepal/,https://www.gadgetbytenepal.com/tecno-mobiles-price-nepal/,,2026-07-03T02:26:44.733660+00:00
GadgetByte Nepal,Mobiles,Tecno,Spark 40 Pro,8GB/256GB,8GB,256GB,33999,"Rs. 33,999 (8/256GB)",NPR,https://www.gadgetbytenepal.com/tecno-spark-40-pro-price-nepal-2/,https://www.gadgetbytenepal.com/tecno-mobiles-price-nepal/,,2026-07-03T02:26:44.733786+00:00
GadgetByte Nepal,Mobiles,Tecno,Pova 6,12GB/256GB,12GB,256GB,34990,"Rs. 34,990 (12/256GB)",NPR,https://www.gadgetbytenepal.com/tecno-pova-6-price-nepal/,https://www.gadgetbytenepal.com/tecno-mobiles-price-nepal/,,2026-07-03T02:26:44.733913+00:00
GadgetByte Nepal,Mobiles,Tecno,Pova Curve 2 5G,8GB/256GB,8GB,256GB,52999,"Rs. 52,999 (8/256GB)",NPR,https://www.gadgetbytenepal.com/tecno-pova-curve-2-price-nepal/,https://www.gadgetbytenepal.com/tecno-mobiles-price-nepal/,,2026-07-03T02:26:44.734065+00:00
