store,category,brand,model_name,variant,ram,storage,price,price_text,price_type,currency,product_url,source_url,in_stock,scraped_at
Yantra Nepal,Mobiles,All,All New Samsung Galaxy A04e,32GB/3GB,32GB,3GB,14849,"Rs. 14,849.00",exact,NPR,https://yantranepal.com/all-new-samsung-galaxy-a04e-32gb-3gb/,https://yantranepal.com/mobile-price-in-nepal?_paged=1,True,2026-07-03T05:07:13.371723+00:00
Yantra Nepal,Mobiles,Blackview,Blackview A100,6GB/128GB,6GB,128GB,22449,"Rs. 22,449.00",exact,NPR,https://yantranepal.com/blackview-a100-6gb-128gb/,https://yantranepal.com/mobile-price-in-nepal?_paged=1,,2026-07-03T05:07:13.374890+00:00
Yantra Nepal,Mobiles,Blackview,Blackview A52 Pro Smartphone,4GB/128GB,4GB,128GB,11999,"Rs. 11,999.00",exact,NPR,https://yantranepal.com/blackview-a52-pro-4gb-price-nepal/,https://yantranepal.com/mobile-price-in-nepal?_paged=1,,2026-07-03T05:07:13.375525+00:00
Yantra Nepal,Mobiles,Blackview,Blackview A52 Pro Smartphone,6GB/128GB,6GB,128GB,12999,"Rs. 12,999.00",exact,NPR,https://yantranepal.com/blackview-a52-pro-price-nepal/,https://yantranepal.com/mobile-price-in-nepal?_paged=1,,2026-07-03T05:07:13.376133+00:00
Yantra Nepal,Mobiles,Blackview,Blackview A70,3GB/32GB,3GB,32GB,12600,"Rs. 12,600.00",exact,NPR,https://yantranepal.com/blackview-a70-3gb-32gb/,https://yantranepal.com/mobile-price-in-nepal?_paged=1,,2026-07-03T05:07:13.377222+00:00
Yantra Nepal,Mobiles,Blackview,Blackview A90,4GB/64GB,4GB,64GB,16399,"Rs. 16,399.00",exact,NPR,https://yantranepal.com/blackview-a90-price-nepal/,https://yantranepal.com/mobile-price-in-nepal?_paged=1,,2026-07-03T05:07:13.378028+00:00
Yantra Nepal,Mobiles,Honor,Honor 10 Lite,3GB/64GB,3GB,64GB,18999,"Rs. 18,999.00",exact,NPR,https://yantranepal.com/honor-10-lite-3gb-64gb/,https://yantranepal.com/mobile-price-in-nepal?_paged=2,True,2026-07-03T05:07:17.598001+00:00
Yantra Nepal,Mobiles,Honor,Honor 20 Lite,4GB/128GB,4GB,128GB,25999,"Rs. 25,999.00",exact,NPR,https://yantranepal.com/honor-20-lite-4gb-128gb/,https://yantranepal.com/mobile-price-in-nepal?_paged=2,True,2026-07-03T05:07:17.598496+00:00
Yantra Nepal,Mobiles,Honor,Honor 90 5G,12GB/256GB,12GB,256GB,58990,"Rs. 58,990.00",exact,NPR,https://yantranepal.com/honor-90-5g-diamond-silver-price-nepal/,https://yantranepal.com/mobile-price-in-nepal?_paged=2,True,2026-07-03T05:07:17.599217+00:00
Yantra Nepal,Mobiles,Honor,Honor 90 5G,12GB/512GB,12GB,512GB,63990,"Rs. 63,990.00",exact,NPR,https://yantranepal.com/honor-90-5g-diamond-silver-512gb-price-nepal/,https://yantranepal.com/mobile-price-in-nepal?_paged=2,True,2026-07-03T05:07:17.599796+00:00
Yantra Nepal,Mobiles,Honor,Honor 90 Lite 5G,8GB/256GB,8GB,256GB,31990,"Rs. 31,990.00",exact,NPR,https://yantranepal.com/honor-90-lite-5g-price-nepal/,https://yantranepal.com/mobile-price-in-nepal?_paged=2,True,2026-07-03T05:07:17.600271+00:00
Yantra Nepal,Mobiles,Honor,Honor 9X,6GB/128GB,6GB,128GB,25200,"Rs. 25,200.00",exact,NPR,https://yantranepal.com/honor-9x-price-in-nepal/,https://yantranepal.com/mobile-price-in-nepal?_paged=2,True,2026-07-03T05:07:17.600727+00:00
Yantra Nepal,Mobiles,Honor,Honor X5 Plus,4GB/64GB,4GB,64GB,13990,"Rs. 13,990.00",exact,NPR,https://yantranepal.com/honor-x5-plus-price-nepal/,https://yantranepal.com/mobile-price-in-nepal?_paged=3,True,2026-07-03T05:07:20.371276+00:00
Yantra Nepal,Mobiles,Honor,Honor X6,4GB/64GB,4GB,64GB,19000,"Rs. 19,000.00",exact,NPR,https://yantranepal.com/honor-x6-4gb-64gb/,https://yantranepal.com/mobile-price-in-nepal?_paged=3,True,2026-07-03T05:07:20.371752+00:00
Yantra Nepal,Mobiles,Honor,"Honor X6a (Cyan Blue, 4GB | 128GB) – 6.5-Inch 90Hz Fullview Display, 5200 mAh Long-lasting Battery, 50MP Triple Camera",4GB/128GB,4GB,128GB,15990,"Rs. 15,990.00",exact,NPR,https://yantranepal.com/honor-x6a-price-nepal/,https://yantranepal.com/mobile-price-in-nepal?_paged=3,True,2026-07-03T05:07:20.372883+00:00
Yantra Nepal,Mobiles,Honor,"Honor X7a (Titanium Silver, 6GB | 128GB) – 5330mAh Battery, 6.74″ Display, Dual SIM, 50MP Camera",6GB/128GB,6GB,128GB,19990,"Rs. 19,990.00",exact,NPR,https://yantranepal.com/honor-x7a-price-nepal/,https://yantranepal.com/mobile-price-in-nepal?_paged=3,True,2026-07-03T05:07:20.373439+00:00
Yantra Nepal,Mobiles,Honor,"Honor X7B (Flowing Silver, 8GB | 256GB) – 6000mAh Battery, 6.8″ Display, Dual SIM, 108MP Camera",8GB/256GB,8GB,256GB,23999,"Rs. 23,999.00",exact,NPR,https://yantranepal.com/honor-x7b-mobile-price-nepal/,https://yantranepal.com/mobile-price-in-nepal?_paged=3,True,2026-07-03T05:07:20.373896+00:00
Yantra Nepal,Mobiles,Honor,"Honor X8a Dual Sim (Cyan Lake, 8GB | 128GB) – 100MP Triple Camera, 6.7″ 90Hz FullView Display",8GB/128GB,8GB,128GB,30490,"Rs. 30,490.00",exact,NPR,https://yantranepal.com/honor-x8a-price-nepal/,https://yantranepal.com/mobile-price-in-nepal?_paged=3,True,2026-07-03T05:07:20.374326+00:00
Yantra Nepal,Mobiles,Honor,Honor X9a Dual Sim,8GB/256GB,8GB,256GB,39990,"Rs. 39,990.00",exact,NPR,https://yantranepal.com/honor-x9a-price-nepal/,https://yantranepal.com/mobile-price-in-nepal?_paged=3,True,2026-07-03T05:07:20.374752+00:00
Yantra Nepal,Mobiles,Honor,Honor X9b 5G,12GB/256GB,12GB,256GB,43999,"Rs. 43,999.00",exact,NPR,https://yantranepal.com/honor-x9b-5g-price-nepal/,https://yantranepal.com/mobile-price-in-nepal?_paged=3,True,2026-07-03T05:07:20.375181+00:00
Yantra Nepal,Mobiles,HTC,HTC Desire 628,3GB/32GB,3GB,32GB,10500,"Rs. 10,500.00",exact,NPR,https://yantranepal.com/htc-desire-628-3gb-32gb/,https://yantranepal.com/mobile-price-in-nepal?_paged=3,True,2026-07-03T05:07:20.375592+00:00
Yantra Nepal,Mobiles,HTC,HTC Desire 825,2GB/16GB,2GB,16GB,22000,"Rs. 22,000.00",exact,NPR,https://yantranepal.com/htc-desire-825-2gb-16gb/,https://yantranepal.com/mobile-price-in-nepal?_paged=3,True,2026-07-03T05:07:20.376010+00:00
Yantra Nepal,Mobiles,Infinix,Infinix GT 20 Pro,12GB/256GB,12GB,256GB,47999,"Rs. 47,999.00",exact,NPR,https://yantranepal.com/infinix-gt-20-pro-price-nepal/,https://yantranepal.com/mobile-price-in-nepal?_paged=3,,2026-07-03T05:07:20.376399+00:00
Yantra Nepal,Mobiles,Infinix,Infinix Hot 12,6GB/128GB,6GB,128GB,21999,"Rs. 21,999.00",exact,NPR,https://yantranepal.com/infinix-hot-12-6gb-128gb/,https://yantranepal.com/mobile-price-in-nepal?_paged=3,True,2026-07-03T05:07:20.377112+00:00
Yantra Nepal,Mobiles,Infinix,Infinix Hot 12 Play,4GB/128GB,4GB,128GB,18299,"Rs. 18,299.00",exact,NPR,https://yantranepal.com/infinix-hot-12-play-4gb-128gb/,https://yantranepal.com/mobile-price-in-nepal?_paged=3,True,2026-07-03T05:07:20.377642+00:00
Yantra Nepal,Mobiles,Infinix,Infinix Hot 12 Play,4GB/64GB,4GB,64GB,16699,"Rs. 16,699.00",exact,NPR,https://yantranepal.com/infinix-hot-12-play-4gb-64gb/,https://yantranepal.com/mobile-price-in-nepal?_paged=3,True,2026-07-03T05:07:20.378136+00:00
Yantra Nepal,Mobiles,Infinix,Infinix Hot 12i,4GB/64GB,4GB,64GB,15999,"Rs. 15,999.00",exact,NPR,https://yantranepal.com/infinix-hot-12i-price-nepal/,https://yantranepal.com/mobile-price-in-nepal?_paged=3,True,2026-07-03T05:07:20.378669+00:00
Yantra Nepal,Mobiles,Infinix,Infinix Hot 30i,4GB/64GB,4GB,64GB,14499,"Rs. 14,499.00",exact,NPR,https://yantranepal.com/infinix-hot-30i-price-nepal/,https://yantranepal.com/mobile-price-in-nepal?_paged=3,True,2026-07-03T05:07:20.379189+00:00
Yantra Nepal,Mobiles,Infinix,Infinix Hot 30i,8GB/128GB,8GB,128GB,16999,"Rs. 16,999.00",exact,NPR,https://yantranepal.com/infinix-hot-30i-diamond-white-price-nepal/,https://yantranepal.com/mobile-price-in-nepal?_paged=4,True,2026-07-03T05:07:23.252289+00:00
Yantra Nepal,Mobiles,Infinix,Infinix Hot 40i,8GB/256GB,8GB,256GB,19999,"Rs. 19,999.00",exact,NPR,https://yantranepal.com/infinix-hot-40i-price-nepal/,https://yantranepal.com/mobile-price-in-nepal?_paged=4,True,2026-07-03T05:07:23.252790+00:00
Yantra Nepal,Mobiles,Infinix,Infinix Note 30,8GB/256GB,8GB,256GB,23999,"Rs. 23,999.00",exact,NPR,https://yantranepal.com/infinix-note-30-5g-price-nepal/,https://yantranepal.com/mobile-price-in-nepal?_paged=4,True,2026-07-03T05:07:23.253240+00:00
Yantra Nepal,Mobiles,Infinix,Infinix Note 7 Lite,4GB/64GB,4GB,64GB,17949,"Rs. 17,949.00",exact,NPR,https://yantranepal.com/infinix-note-7-lite-price-nepal/,https://yantranepal.com/mobile-price-in-nepal?_paged=4,True,2026-07-03T05:07:23.253702+00:00
Yantra Nepal,Mobiles,Infinix,Infinix Smart 6,2GB/32GB,2GB,32GB,12999,"Rs. 12,999.00",exact,NPR,https://yantranepal.com/infinix-smart-6-2gb-32gb/,https://yantranepal.com/mobile-price-in-nepal?_paged=4,True,2026-07-03T05:07:23.254128+00:00
Yantra Nepal,Mobiles,Infinix,Infinix Smart 6,3GB/64GB,3GB,64GB,14999,"Rs. 14,999.00",exact,NPR,https://yantranepal.com/infinix-smart-6-3gb-64gb/,https://yantranepal.com/mobile-price-in-nepal?_paged=4,,2026-07-03T05:07:23.254522+00:00
Yantra Nepal,Mobiles,Infinix,Infinix Smart 7 HD,2GB/64GB,2GB,64GB,11799,"Rs. 11,799.00",exact,NPR,https://yantranepal.com/infinix-smart-7-hd-ink-black-price-nepal/,https://yantranepal.com/mobile-price-in-nepal?_paged=4,True,2026-07-03T05:07:23.254927+00:00
Yantra Nepal,Mobiles,Infinix,Infinix Smart 8 Plus,4GB/64GB,4GB,64GB,13999,"Rs. 13,999.00",exact,NPR,https://yantranepal.com/infinix-smart-8-plus-price-nepal/,https://yantranepal.com/mobile-price-in-nepal?_paged=4,True,2026-07-03T05:07:23.255845+00:00
Yantra Nepal,Mobiles,Xiaomi,MI Redmi 12C,3GB/32GB,3GB,32GB,13499,"Rs. 13,499.00",exact,NPR,https://yantranepal.com/mi-redmi-12c-3gb-price-nepal/,https://yantranepal.com/mobile-price-in-nepal?_paged=4,True,2026-07-03T05:07:23.257737+00:00
Yantra Nepal,Mobiles,Xiaomi,MI Redmi 12C,4GB/64GB,4GB,64GB,14499,"Rs. 14,499.00",exact,NPR,https://yantranepal.com/mi-redmi-12c-price-nepal/,https://yantranepal.com/mobile-price-in-nepal?_paged=4,True,2026-07-03T05:07:23.258176+00:00
Yantra Nepal,Mobiles,Xiaomi,MI Redmi 12C,6GB/128GB,6GB,128GB,16999,"Rs. 16,999.00",exact,NPR,https://yantranepal.com/mi-redmi-12c-6b-price-nepal/,https://yantranepal.com/mobile-price-in-nepal?_paged=4,True,2026-07-03T05:07:23.258756+00:00
Yantra Nepal,Mobiles,Xiaomi,MI Redmi 9A,2GB/32GB,2GB,32GB,12999,"Rs. 12,999.00",exact,NPR,https://yantranepal.com/mi-redmi-9a-price-nepal/,https://yantranepal.com/mobile-price-in-nepal?_paged=5,True,2026-07-03T05:07:26.328323+00:00
Yantra Nepal,Mobiles,Xiaomi,MI Redmi 9A,2GB/32GB,2GB,32GB,12999,"Rs. 12,999.00",exact,NPR,https://yantranepal.com/mi-redmi-9a-price-nepal-blue/,https://yantranepal.com/mobile-price-in-nepal?_paged=5,True,2026-07-03T05:07:26.328795+00:00
Yantra Nepal,Mobiles,Xiaomi,MI Redmi Note 7 Pro,4GB/64GB,4GB,64GB,23999,"Rs. 23,999.00",exact,NPR,https://yantranepal.com/mi-redmi-note-7-pro-price-nepal/,https://yantranepal.com/mobile-price-in-nepal?_paged=5,True,2026-07-03T05:07:26.329272+00:00
Yantra Nepal,Mobiles,Xiaomi,MI Redmi Note 7 Pro,6GB/128GB,6GB,128GB,25999,"Rs. 25,999.00",exact,NPR,https://yantranepal.com/mi-redmi-note-7-pro-blue-price-nepal/,https://yantranepal.com/mobile-price-in-nepal?_paged=5,True,2026-07-03T05:07:26.329706+00:00
Yantra Nepal,Mobiles,Motorola,Motorola E13,2GB/64GB,2GB,64GB,11999,"Rs. 11,999.00",exact,NPR,https://yantranepal.com/motorola-e13-creamy-white-price-nepal/,https://yantranepal.com/mobile-price-in-nepal?_paged=5,True,2026-07-03T05:07:26.330159+00:00
Yantra Nepal,Mobiles,Motorola,Motorola G31,4GB/128GB,4GB,128GB,23999,"Rs. 23,999.00",exact,NPR,https://yantranepal.com/motorola-g31-baby-blue-4gb-price-nepal/,https://yantranepal.com/mobile-price-in-nepal?_paged=5,True,2026-07-03T05:07:26.330590+00:00
Yantra Nepal,Mobiles,Motorola,Motorola G31,6GB/128GB,6GB,128GB,25499,"Rs. 25,499.00",exact,NPR,https://yantranepal.com/motorola-g31-price-nepal/,https://yantranepal.com/mobile-price-in-nepal?_paged=5,,2026-07-03T05:07:26.330962+00:00
Yantra Nepal,Mobiles,Motorola,Motorola Moto E40,4GB/64GB,4GB,64GB,20000,"Rs. 20,000.00",exact,NPR,https://yantranepal.com/motorola-moto-e40-4gb-64gb/,https://yantranepal.com/mobile-price-in-nepal?_paged=5,,2026-07-03T05:07:26.331336+00:00
Yantra Nepal,Mobiles,Motorola,Motorola Moto G22,4GB/128GB,4GB,128GB,22500,"Rs. 22,500.00",exact,NPR,https://yantranepal.com/motorola-moto-g22-4gb-128gb/,https://yantranepal.com/mobile-price-in-nepal?_paged=5,,2026-07-03T05:07:26.331697+00:00
Yantra Nepal,Mobiles,Nokia,Nokia 1.4,2GB/32GB,2GB,32GB,12899,"Rs. 12,899.00",exact,NPR,https://yantranepal.com/nokia-1-4-2gb-32gb/,https://yantranepal.com/mobile-price-in-nepal?_paged=5,,2026-07-03T05:07:26.332076+00:00
Yantra Nepal,Mobiles,Nokia,Nokia 2.4,2GB/32GB,2GB,32GB,12999,"Rs. 12,999.00",exact,NPR,https://yantranepal.com/nokia-2-4-price-nepal/,https://yantranepal.com/mobile-price-in-nepal?_paged=5,True,2026-07-03T05:07:26.334409+00:00
Yantra Nepal,Mobiles,Nokia,Nokia 3.4,3GB/64GB,3GB,64GB,15999,"Rs. 15,999.00",exact,NPR,https://yantranepal.com/nokia-3-4-price-nepal/,https://yantranepal.com/mobile-price-in-nepal?_paged=6,True,2026-07-03T05:07:29.205280+00:00
Yantra Nepal,Mobiles,Nokia,Nokia 5.3,4GB/64GB,4GB,64GB,23299,"Rs. 23,299.00",exact,NPR,https://yantranepal.com/nokia-5-3-4gb-64gb/,https://yantranepal.com/mobile-price-in-nepal?_paged=6,True,2026-07-03T05:07:29.205733+00:00
Yantra Nepal,Mobiles,Nokia,Nokia 7.2,4GB/64GB,4GB,64GB,23999,"Rs. 23,999.00",exact,NPR,https://yantranepal.com/nokia-7-2-price-nepal/,https://yantranepal.com/mobile-price-in-nepal?_paged=6,True,2026-07-03T05:07:29.206509+00:00
Yantra Nepal,Mobiles,Nokia,Nokia C1 2nd Edition,1GB/16GB,1GB,16GB,7699,"Rs. 7,699.00",exact,NPR,https://yantranepal.com/nokia-c1-2nd-edition-1gb-16gb/,https://yantranepal.com/mobile-price-in-nepal?_paged=6,,2026-07-03T05:07:29.206890+00:00
Yantra Nepal,Mobiles,Nokia,Nokia C1 Plus,1GB/16GB,1GB,16GB,8399,"Rs. 8,399.00",exact,NPR,https://yantranepal.com/nokia-c1-plus-price-nepal/,https://yantranepal.com/mobile-price-in-nepal?_paged=6,True,2026-07-03T05:07:29.207271+00:00
Yantra Nepal,Mobiles,Nokia,Nokia C2,1GB/16GB,1GB,16GB,9299,"Rs. 9,299.00",exact,NPR,https://yantranepal.com/nokia-c2-1gb-16gb/,https://yantranepal.com/mobile-price-in-nepal?_paged=6,,2026-07-03T05:07:29.207631+00:00
Yantra Nepal,Mobiles,Nokia,Nokia C20 (1GB | 16GB) Dark Blue,1GB/16GB,1GB,16GB,9999,"Rs. 9,999.00",exact,NPR,https://yantranepal.com/nokia-c20-price-nepal/,https://yantranepal.com/mobile-price-in-nepal?_paged=6,True,2026-07-03T05:07:29.208006+00:00
Yantra Nepal,Mobiles,Nokia,Nokia C3,2GB/16GB,2GB,16GB,12499,"Rs. 12,499.00",exact,NPR,https://yantranepal.com/nokia-c3-2gb-16gb/,https://yantranepal.com/mobile-price-in-nepal?_paged=6,True,2026-07-03T05:07:29.208512+00:00
Yantra Nepal,Mobiles,Nokia,Nokia C30,2GB/32GB,2GB,32GB,12499,"Rs. 12,499.00",exact,NPR,https://yantranepal.com/nokia-c30-2gb-32gb/,https://yantranepal.com/mobile-price-in-nepal?_paged=6,,2026-07-03T05:07:29.208903+00:00
Yantra Nepal,Mobiles,Nokia,Nokia G10,4GB/64GB,4GB,64GB,17000,"Rs. 17,000.00",exact,NPR,https://yantranepal.com/nokia-g10-4gb-64gb/,https://yantranepal.com/mobile-price-in-nepal?_paged=6,True,2026-07-03T05:07:29.209725+00:00
Yantra Nepal,Mobiles,Nokia,Nokia G20,4GB/64GB,4GB,64GB,20000,"Rs. 20,000.00",exact,NPR,https://yantranepal.com/nokia-g20-4gb-64gb/,https://yantranepal.com/mobile-price-in-nepal?_paged=6,True,2026-07-03T05:07:29.210331+00:00
Yantra Nepal,Mobiles,Nokia,Nokia G21,6GB/128GB,6GB,128GB,22999,"Rs. 22,999.00",exact,NPR,https://yantranepal.com/nokia-g21-price-nepal/,https://yantranepal.com/mobile-price-in-nepal?_paged=6,True,2026-07-03T05:07:29.210807+00:00
Yantra Nepal,Mobiles,Nothing,Nothing Phone (1),8GB/128GB,8GB,128GB,58990,"Rs. 58,990.00",exact,NPR,https://yantranepal.com/nothing-phone-1-white-price-nepal/,https://yantranepal.com/mobile-price-in-nepal?_paged=6,True,2026-07-03T05:07:29.211299+00:00
Yantra Nepal,Mobiles,Nothing,Nothing Phone (1),8GB/256GB,8GB,256GB,61990,"Rs. 61,990.00",exact,NPR,https://yantranepal.com/nothing-phone-1-white-256-price-nepal/,https://yantranepal.com/mobile-price-in-nepal?_paged=6,True,2026-07-03T05:07:29.211773+00:00
Yantra Nepal,Mobiles,OnePlus,OnePlus 10 Pro 5G,12GB/256GB,12GB,256GB,125000,"Rs. 125,000.00",exact,NPR,https://yantranepal.com/oneplus-10-pro-5g-price-in-nepal/,https://yantranepal.com/mobile-price-in-nepal?_paged=7,True,2026-07-03T05:07:32.196976+00:00
Yantra Nepal,Mobiles,OnePlus,OnePlus 10T 5G,16GB/256GB,16GB,256GB,114499,"Rs. 114,499.00",exact,NPR,https://yantranepal.com/oneplus-10t-5g-price-nepal/,https://yantranepal.com/mobile-price-in-nepal?_paged=7,True,2026-07-03T05:07:32.197434+00:00
Yantra Nepal,Mobiles,OnePlus,OnePlus 11 5G,16GB/256GB,16GB,256GB,134999,"Rs. 134,999.00",exact,NPR,https://yantranepal.com/oneplus-11-5g-16gb-256gb/,https://yantranepal.com/mobile-price-in-nepal?_paged=7,True,2026-07-03T05:07:32.197887+00:00
Yantra Nepal,Mobiles,OnePlus,OnePlus 12,16GB/512GB,16GB,512GB,139999,"Rs. 139,999.00",exact,NPR,https://yantranepal.com/oneplus-12-price-nepal/,https://yantranepal.com/mobile-price-in-nepal?_paged=7,True,2026-07-03T05:07:32.198331+00:00
Yantra Nepal,Mobiles,OnePlus,OnePlus 9 Pro 5G,8GB/256GB,8GB,256GB,117999,"Rs. 117,999.00",exact,NPR,https://yantranepal.com/oneplus-9-pro-5g-8gb-256gb/,https://yantranepal.com/mobile-price-in-nepal?_paged=7,True,2026-07-03T05:07:32.198752+00:00
Yantra Nepal,Mobiles,OnePlus,OnePlus N20 SE,4GB/64GB,4GB,64GB,23500,"Rs. 23,500.00",exact,NPR,https://yantranepal.com/oneplus-n20-se-4gb-64gb/,https://yantranepal.com/mobile-price-in-nepal?_paged=7,True,2026-07-03T05:07:32.199173+00:00
Yantra Nepal,Mobiles,OnePlus,OnePlus Nord 2,12GB/256GB,12GB,256GB,70000,"Rs. 70,000.00",exact,NPR,https://yantranepal.com/oneplus-nord-2-price-nepal/,https://yantranepal.com/mobile-price-in-nepal?_paged=7,,2026-07-03T05:07:32.199536+00:00
Yantra Nepal,Mobiles,OnePlus,OnePlus Nord 2,8GB/128GB,8GB,128GB,60000,"Rs. 60,000.00",exact,NPR,https://yantranepal.com/oneplus-nord-2-8gb-price-nepal/,https://yantranepal.com/mobile-price-in-nepal?_paged=7,True,2026-07-03T05:07:32.199985+00:00
Yantra Nepal,Mobiles,OnePlus,OnePlus Nord 2T 5G,12GB/256GB,12GB,256GB,75000,"Rs. 75,000.00",exact,NPR,https://yantranepal.com/oneplus-nord-2t-5g-12gb-price-nepal/,https://yantranepal.com/mobile-price-in-nepal?_paged=7,True,2026-07-03T05:07:32.200397+00:00
Yantra Nepal,Mobiles,OnePlus,OnePlus Nord 2T 5G,8GB/128GB,8GB,128GB,65000,"Rs. 65,000.00",exact,NPR,https://yantranepal.com/oneplus-nord-2t-5g-price-nepal/,https://yantranepal.com/mobile-price-in-nepal?_paged=7,True,2026-07-03T05:07:32.200826+00:00
Yantra Nepal,Mobiles,OnePlus,OnePlus Nord 3 5G: Unleash Ultimate Power and Performance,16GB/256GB,16GB,256GB,75999,"Rs. 75,999.00",exact,NPR,https://yantranepal.com/oneplus-nord-3-5g-misty-green-price-nepal/,https://yantranepal.com/mobile-price-in-nepal?_paged=7,True,2026-07-03T05:07:32.201264+00:00
Yantra Nepal,Mobiles,OnePlus,OnePlus Nord CE 2,8GB/128GB,8GB,128GB,49000,"Rs. 49,000.00",exact,NPR,https://yantranepal.com/oneplus-nord-ce-2-8gb-128gb/,https://yantranepal.com/mobile-price-in-nepal?_paged=7,True,2026-07-03T05:07:32.201672+00:00
Yantra Nepal,Mobiles,OnePlus,OnePlus Nord CE 2 Lite 5G,8GB/128GB,8GB,128GB,41000,"Rs. 41,000.00",exact,NPR,https://yantranepal.com/oneplus-nord-ce-2-lite-5g-price-nepal/,https://yantranepal.com/mobile-price-in-nepal?_paged=7,,2026-07-03T05:07:32.202071+00:00
Yantra Nepal,Mobiles,OnePlus,OnePlus Nord CE 3 Lite 5G,8GB/128GB,8GB,128GB,41999,"Rs. 41,999.00",exact,NPR,https://yantranepal.com/oneplus-nord-ce-3-lite-5g-price-nepal/,https://yantranepal.com/mobile-price-in-nepal?_paged=7,True,2026-07-03T05:07:32.202518+00:00
Yantra Nepal,Mobiles,OnePlus,OnePlus Nord CE 3 Lite 5G,8GB/256GB,8GB,256GB,45999,"Rs. 45,999.00",exact,NPR,https://yantranepal.com/oneplus-nord-ce-3-lite-5g-8gb-price-nepal/,https://yantranepal.com/mobile-price-in-nepal?_paged=7,True,2026-07-03T05:07:32.203409+00:00
Yantra Nepal,Mobiles,OnePlus,OnePlus Nord N10 5G,6GB/128GB,6GB,128GB,39489,"Rs. 39,489.00",exact,NPR,https://yantranepal.com/oneplus-nord-n10-5g-midnight-ice-6gb-128-gb/,https://yantranepal.com/mobile-price-in-nepal?_paged=8,True,2026-07-03T05:07:35.718284+00:00
Yantra Nepal,Mobiles,OnePlus,Oneplus Nord N100,4GB/64GB,4GB,64GB,23499,"Rs. 23,499.00",exact,NPR,https://yantranepal.com/oneplus-nord-n100-price-nepal/,https://yantranepal.com/mobile-price-in-nepal?_paged=8,True,2026-07-03T05:07:35.718804+00:00
Yantra Nepal,Mobiles,Oppo,Oppo A71k (New Edition),3GB/16GB,3GB,16GB,15990,"Rs. 15,990.00",exact,NPR,https://yantranepal.com/oppo-a71k-new-edition-price-nepal/,https://yantranepal.com/mobile-price-in-nepal?_paged=8,True,2026-07-03T05:07:35.719740+00:00
Yantra Nepal,Mobiles,Poco,Poco X5 Pro 5G,6GB/128GB,6GB,128GB,39999,"Rs. 39,999.00",exact,NPR,https://yantranepal.com/poco-x5-pro-5g-astral-black-price-nepal/,https://yantranepal.com/mobile-price-in-nepal?_paged=8,True,2026-07-03T05:07:35.720186+00:00
Yantra Nepal,Mobiles,Realme,Realme 11 Pro 5G,8GB/256GB,8GB,256GB,47999,"Rs. 47,999.00",exact,NPR,https://yantranepal.com/realme-11-pro-5g-astral-black-price-nepal/,https://yantranepal.com/mobile-price-in-nepal?_paged=8,True,2026-07-03T05:07:35.720604+00:00
Yantra Nepal,Mobiles,Realme,realme 11 Pro+ 5G,12GB/256GB,12GB,256GB,61999,"Rs. 61,999.00",exact,NPR,https://yantranepal.com/realme-11-pro-plus-5g-price-nepal/,https://yantranepal.com/mobile-price-in-nepal?_paged=8,True,2026-07-03T05:07:35.721016+00:00
Yantra Nepal,Mobiles,Realme,Realme 9,6GB/128GB,6GB,128GB,32000,"Rs. 32,000.00",exact,NPR,https://yantranepal.com/realme-9-6gb-128gb/,https://yantranepal.com/mobile-price-in-nepal?_paged=8,,2026-07-03T05:07:35.721394+00:00
Yantra Nepal,Mobiles,Realme,Realme 9,8GB/128GB,8GB,128GB,34000,"Rs. 34,000.00",exact,NPR,https://yantranepal.com/realme-9-8gb-128gb/,https://yantranepal.com/mobile-price-in-nepal?_paged=8,,2026-07-03T05:07:35.721798+00:00
Yantra Nepal,Mobiles,Realme,Realme 9 Pro,8GB/128GB,8GB,128GB,39000,"Rs. 39,000.00",exact,NPR,https://yantranepal.com/realme-9-pro-8gb-128gb/,https://yantranepal.com/mobile-price-in-nepal?_paged=8,True,2026-07-03T05:07:35.722211+00:00
Yantra Nepal,Mobiles,Realme,Realme 9i,4GB/64GB,4GB,64GB,24500,"Rs. 24,500.00",exact,NPR,https://yantranepal.com/realme-9i-price-in-nepal/,https://yantranepal.com/mobile-price-in-nepal?_paged=8,,2026-07-03T05:07:35.722577+00:00
Yantra Nepal,Mobiles,Realme,Realme 9i 5G,6GB/128GB,6GB,128GB,30000,"Rs. 30,000.00",exact,NPR,https://yantranepal.com/realme-9i-5g-6gb-128gb/,https://yantranepal.com/mobile-price-in-nepal?_paged=8,,2026-07-03T05:07:35.723151+00:00
Yantra Nepal,Mobiles,Realme,Realme C11 2021,4GB/64GB,4GB,64GB,15799,"Rs. 15,799.00",exact,NPR,https://yantranepal.com/realme-c11-2021-price-nepal/,https://yantranepal.com/mobile-price-in-nepal?_paged=8,,2026-07-03T05:07:35.723602+00:00
Yantra Nepal,Mobiles,Realme,Realme C21Y,3GB/32GB,3GB,32GB,16200,"Rs. 16,200.00",exact,NPR,https://yantranepal.com/realme-c21y-3gb-32gb/,https://yantranepal.com/mobile-price-in-nepal?_paged=8,True,2026-07-03T05:07:35.724061+00:00
Yantra Nepal,Mobiles,Realme,Realme C30,2GB/32GB,2GB,32GB,13499,"Rs. 13,499.00",exact,NPR,https://yantranepal.com/realme-c30-2gb-32gb/,https://yantranepal.com/mobile-price-in-nepal?_paged=8,True,2026-07-03T05:07:35.724501+00:00
Yantra Nepal,Mobiles,Realme,Realme C30s,2GB/32GB,2GB,32GB,13499,"Rs. 13,499.00",exact,NPR,https://yantranepal.com/realme-c30s-2gb-32gb/,https://yantranepal.com/mobile-price-in-nepal?_paged=8,True,2026-07-03T05:07:35.724924+00:00
Yantra Nepal,Mobiles,Realme,Realme C30s,4GB/64GB,4GB,64GB,16000,"Rs. 16,000.00",exact,NPR,https://yantranepal.com/realme-c30s-4gb-64gb/,https://yantranepal.com/mobile-price-in-nepal?_paged=9,True,2026-07-03T05:07:38.751607+00:00
Yantra Nepal,Mobiles,Realme,Realme C31,4GB/64GB,4GB,64GB,17800,"Rs. 17,800.00",exact,NPR,https://yantranepal.com/realme-c31-4gb-64gb/,https://yantranepal.com/mobile-price-in-nepal?_paged=9,,2026-07-03T05:07:38.752036+00:00
Yantra Nepal,Mobiles,Realme,Realme C33,4GB/64GB,4GB,64GB,18500,"Rs. 18,500.00",exact,NPR,https://yantranepal.com/realme-c33-4gb-64gb/,https://yantranepal.com/mobile-price-in-nepal?_paged=9,True,2026-07-03T05:07:38.752476+00:00
Yantra Nepal,Mobiles,Realme,Realme C35,4GB/128GB,4GB,128GB,22800,"Rs. 22,800.00",exact,NPR,https://yantranepal.com/realme-c35-4gb-128gb/,https://yantranepal.com/mobile-price-in-nepal?_paged=9,True,2026-07-03T05:07:38.752930+00:00
Yantra Nepal,Mobiles,Realme,Realme C35,4GB/64GB,4GB,64GB,21300,"Rs. 21,300.00",exact,NPR,https://yantranepal.com/realme-c35-price-in-nepal/,https://yantranepal.com/mobile-price-in-nepal?_paged=9,True,2026-07-03T05:07:38.753362+00:00
Yantra Nepal,Mobiles,Realme,Realme C35,6GB/128GB,6GB,128GB,25000,"Rs. 25,000.00",exact,NPR,https://yantranepal.com/realme-c35-6gb-128gb/,https://yantranepal.com/mobile-price-in-nepal?_paged=9,True,2026-07-03T05:07:38.753769+00:00
Yantra Nepal,Mobiles,Realme,Realme C51,4GB/128GB,4GB,128GB,14499,"Rs. 14,499.00",exact,NPR,https://yantranepal.com/realme-c51-price-nepal/,https://yantranepal.com/mobile-price-in-nepal?_paged=9,True,2026-07-03T05:07:38.754193+00:00
Yantra Nepal,Mobiles,Realme,Realme C51,4GB/64GB,4GB,64GB,13499,"Rs. 13,499.00",exact,NPR,https://yantranepal.com/realme-c51-4gb-64gb-price-nepal/,https://yantranepal.com/mobile-price-in-nepal?_paged=9,True,2026-07-03T05:07:38.754623+00:00
Yantra Nepal,Mobiles,Realme,Realme C53,6GB/128GB,6GB,128GB,16499,"Rs. 16,499.00",exact,NPR,https://yantranepal.com/realme-c53-price-in-nepal/,https://yantranepal.com/mobile-price-in-nepal?_paged=9,True,2026-07-03T05:07:38.755051+00:00
Yantra Nepal,Mobiles,Realme,Realme C55,6GB/64GB,6GB,64GB,21999,"Rs. 21,999.00",exact,NPR,https://yantranepal.com/realme-c55-price-nepal/,https://yantranepal.com/mobile-price-in-nepal?_paged=9,True,2026-07-03T05:07:38.755470+00:00
Yantra Nepal,Mobiles,Realme,Realme C55,8GB/128GB,8GB,128GB,25999,"Rs. 25,999.00",exact,NPR,https://yantranepal.com/realme-c55-128gb-price-nepal/,https://yantranepal.com/mobile-price-in-nepal?_paged=9,True,2026-07-03T05:07:38.755890+00:00
Yantra Nepal,Mobiles,Realme,Realme GT Neo 2,8GB/128GB,8GB,128GB,54199,"Rs. 54,199.00",exact,NPR,https://yantranepal.com/realme-gt-neo-2-price-nepal/,https://yantranepal.com/mobile-price-in-nepal?_paged=9,True,2026-07-03T05:07:38.756308+00:00
Yantra Nepal,Mobiles,Realme,Realme GT Neo 3,12GB/256GB,12GB,256GB,78000,"Rs. 78,000.00",exact,NPR,https://yantranepal.com/realme-gt-neo-3-price-nepal/,https://yantranepal.com/mobile-price-in-nepal?_paged=9,,2026-07-03T05:07:38.756676+00:00
Yantra Nepal,Mobiles,Realme,Realme N53,4GB/64GB,4GB,64GB,15990,"Rs. 15,990.00",exact,NPR,https://yantranepal.com/realme-n53-price-nepal/,https://yantranepal.com/mobile-price-in-nepal?_paged=9,True,2026-07-03T05:07:38.757106+00:00
Yantra Nepal,Mobiles,Realme,Realme N53,6GB/128GB,6GB,128GB,18999,"Rs. 18,999.00",exact,NPR,https://yantranepal.com/realme-n53-6gb-price-nepal/,https://yantranepal.com/mobile-price-in-nepal?_paged=9,True,2026-07-03T05:07:38.757570+00:00
Yantra Nepal,Mobiles,Realme,Realme Narzo 50,4GB/64GB,4GB,64GB,24000,"Rs. 24,000.00",exact,NPR,https://yantranepal.com/realme-narzo-50-4gb-64gb/,https://yantranepal.com/mobile-price-in-nepal?_paged=9,True,2026-07-03T05:07:38.758376+00:00
Yantra Nepal,Mobiles,Realme,Realme Narzo 50,6GB/128GB,6GB,128GB,27500,"Rs. 27,500.00",exact,NPR,https://yantranepal.com/realme-narzo-50-price-nepal/,https://yantranepal.com/mobile-price-in-nepal?_paged=10,,2026-07-03T05:07:41.696181+00:00
Yantra Nepal,Mobiles,Realme,Realme Narzo 50A,4GB/128GB,4GB,128GB,21300,"Rs. 21,300.00",exact,NPR,https://yantranepal.com/realme-narzo-50a-price-nepal/,https://yantranepal.com/mobile-price-in-nepal?_paged=10,True,2026-07-03T05:07:41.696684+00:00
Yantra Nepal,Mobiles,Realme,Realme Narzo 50A,4GB/64GB,4GB,64GB,19500,"Rs. 19,500.00",exact,NPR,https://yantranepal.com/realme-narzo-50a-4gb-64gb/,https://yantranepal.com/mobile-price-in-nepal?_paged=10,True,2026-07-03T05:07:41.697124+00:00
Yantra Nepal,Mobiles,Realme,Realme Narzo 50A Prime (4GB | 128GB) – With Charger,4GB/128GB,4GB,128GB,22500,"Rs. 22,500.00",exact,NPR,https://yantranepal.com/realme-narzo-50a-prime-4gb-128gb-with-charger/,https://yantranepal.com/mobile-price-in-nepal?_paged=10,True,2026-07-03T05:07:41.697573+00:00
Yantra Nepal,Mobiles,Realme,Realme Narzo 50A Prime,4GB/64GB,4GB,64GB,20300,"Rs. 20,300.00",exact,NPR,https://yantranepal.com/realme-narzo-50a-prime-4gb-64gb/,https://yantranepal.com/mobile-price-in-nepal?_paged=10,,2026-07-03T05:07:41.697958+00:00
Yantra Nepal,Mobiles,Realme,"Realme Narzo 50A Prime (Flash Blue, 4GB | 64GB) – With Charger",4GB/64GB,4GB,64GB,21000,"Rs. 21,000.00",exact,NPR,https://yantranepal.com/realme-narzo-50a-prime-c-price-nepal/,https://yantranepal.com/mobile-price-in-nepal?_paged=10,True,2026-07-03T05:07:41.698402+00:00
Yantra Nepal,Mobiles,Realme,Realme Narzo 50I,2GB/32GB,2GB,32GB,13499,"Rs. 13,499.00",exact,NPR,https://yantranepal.com/realme-narzo-50i-2gb-32gb/,https://yantranepal.com/mobile-price-in-nepal?_paged=10,True,2026-07-03T05:07:41.698833+00:00
Yantra Nepal,Mobiles,Realme,Realme Narzo 50I Prime,3GB/32GB,3GB,32GB,14499,"Rs. 14,499.00",exact,NPR,https://yantranepal.com/realme-narzo-50i-prime-3gb-32gb/,https://yantranepal.com/mobile-price-in-nepal?_paged=10,True,2026-07-03T05:07:41.699261+00:00
Yantra Nepal,Mobiles,Realme,Realme Narzo 50I Prime,4GB/64GB,4GB,64GB,15999,"Rs. 15,999.00",exact,NPR,https://yantranepal.com/realme-narzo-50i-prime-4gb-64gb/,https://yantranepal.com/mobile-price-in-nepal?_paged=10,True,2026-07-03T05:07:41.699690+00:00
Yantra Nepal,Mobiles,Xiaomi,Redmi 10 Prime,6GB/128GB,6GB,128GB,23999,"Rs. 23,999.00",exact,NPR,https://yantranepal.com/redmi-10-prime-phantom-price-nepal/,https://yantranepal.com/mobile-price-in-nepal?_paged=10,True,2026-07-03T05:07:41.700112+00:00
Yantra Nepal,Mobiles,Xiaomi,Redmi 13C,4GB/128GB,4GB,128GB,13999,"Rs. 13,999.00",exact,NPR,https://yantranepal.com/redmi-13c-stardust-black-4gb-128gb/,https://yantranepal.com/mobile-price-in-nepal?_paged=10,True,2026-07-03T05:07:41.700539+00:00
Yantra Nepal,Mobiles,Xiaomi,Redmi A2,2GB/32GB,2GB,32GB,10499,"Rs. 10,499.00",exact,NPR,https://yantranepal.com/redmi-a2-aqua-blue-price-nepal/,https://yantranepal.com/mobile-price-in-nepal?_paged=10,True,2026-07-03T05:07:41.700953+00:00
Yantra Nepal,Mobiles,Xiaomi,Redmi A2+,2GB/32GB,2GB,32GB,11499,"Rs. 11,499.00",exact,NPR,https://yantranepal.com/redmi-a2-classic-black-price-nepal/,https://yantranepal.com/mobile-price-in-nepal?_paged=10,True,2026-07-03T05:07:41.701383+00:00
Yantra Nepal,Mobiles,Xiaomi,Redmi A2+,3GB/64GB,3GB,64GB,14999,"Rs. 14,999.00",exact,NPR,https://yantranepal.com/redmi-a2-black-64gb-price-nepal/,https://yantranepal.com/mobile-price-in-nepal?_paged=10,True,2026-07-03T05:07:41.701966+00:00
Yantra Nepal,Mobiles,Xiaomi,Redmi Note 12,4GB/128GB,4GB,128GB,22999,"Rs. 22,999.00",exact,NPR,https://yantranepal.com/redmi-note-12-price-nepal/,https://yantranepal.com/mobile-price-in-nepal?_paged=10,True,2026-07-03T05:07:41.702640+00:00
Yantra Nepal,Mobiles,Xiaomi,Redmi Note 12,6GB/128GB,6GB,128GB,24999,"Rs. 24,999.00",exact,NPR,https://yantranepal.com/redmi-note-12-ice-blue-6gb-price-nepal/,https://yantranepal.com/mobile-price-in-nepal?_paged=10,True,2026-07-03T05:07:41.703134+00:00
Yantra Nepal,Mobiles,Xiaomi,Redmi Note 12,8GB/128GB,8GB,128GB,26999,"Rs. 26,999.00",exact,NPR,https://yantranepal.com/redmi-note-12-8gb-price-nepal/,https://yantranepal.com/mobile-price-in-nepal?_paged=11,True,2026-07-03T05:07:44.789166+00:00
Yantra Nepal,Mobiles,Xiaomi,Redmi Note 12,8GB/256GB,8GB,256GB,27999,"Rs. 27,999.00",exact,NPR,https://yantranepal.com/redmi-note-12-ice-blue-8gb-256gb-price-nepal/,https://yantranepal.com/mobile-price-in-nepal?_paged=11,True,2026-07-03T05:07:44.789661+00:00
Yantra Nepal,Mobiles,Xiaomi,Redmi Note 12 5G,6GB/128GB,6GB,128GB,29990,"Rs. 29,990.00",exact,NPR,https://yantranepal.com/redmi-note-12-5g-price-nepal/,https://yantranepal.com/mobile-price-in-nepal?_paged=11,True,2026-07-03T05:07:44.790112+00:00
Yantra Nepal,Mobiles,Xiaomi,Redmi Note 12 5G,8GB/256GB,8GB,256GB,31999,"Rs. 31,999.00",exact,NPR,https://yantranepal.com/redmi-note-12-5g-frosted-green-8gb-256gb/,https://yantranepal.com/mobile-price-in-nepal?_paged=11,True,2026-07-03T05:07:44.790590+00:00
Yantra Nepal,Mobiles,Xiaomi,"REDMI Note 12 Pro 5G (Onyx Black, 6GB | 128GB) – Elevate Your Mobile Photography Game",6GB/128GB,6GB,128GB,36999,"Rs. 36,999.00",exact,NPR,https://yantranepal.com/redmi-note-12-pro-5g-onyx-black-price-nepal/,https://yantranepal.com/mobile-price-in-nepal?_paged=11,True,2026-07-03T05:07:44.791076+00:00
Yantra Nepal,Mobiles,Xiaomi,REDMI Note 12 Pro 5G,8GB/256GB,8GB,256GB,39999,"Rs. 39,999.00",exact,NPR,https://yantranepal.com/redmi-note-12-pro-5g-price-nepal/,https://yantranepal.com/mobile-price-in-nepal?_paged=11,True,2026-07-03T05:07:44.791556+00:00
Yantra Nepal,Mobiles,Xiaomi,Redmi Note 13,6GB/128GB,6GB,128GB,24999,"Rs. 24,999.00",exact,NPR,https://yantranepal.com/redmi-note-13-5g-price-nepal/,https://yantranepal.com/mobile-price-in-nepal?_paged=11,True,2026-07-03T05:07:44.792011+00:00
Yantra Nepal,Mobiles,Xiaomi,Redmi Note 13,8GB/256GB,8GB,256GB,24999,"Rs. 24,999.00",exact,NPR,https://yantranepal.com/redmi-note-13-8gb-price-nepal/,https://yantranepal.com/mobile-price-in-nepal?_paged=11,True,2026-07-03T05:07:44.792758+00:00
Yantra Nepal,Mobiles,Xiaomi,Redmi Note 13 Pro+ 5G,8GB/256GB,8GB,256GB,47999,"Rs. 47,999.00",exact,NPR,https://yantranepal.com/redmi-note-13-pro-5g-price-nepal/,https://yantranepal.com/mobile-price-in-nepal?_paged=11,,2026-07-03T05:07:44.793535+00:00
Yantra Nepal,Mobiles,Samsung,Samsung A53 5G,8GB/128GB,8GB,128GB,57499,"Rs. 57,499.00",exact,NPR,https://yantranepal.com/samsung-a53-5g-8gb-128gb/,https://yantranepal.com/mobile-price-in-nepal?_paged=11,True,2026-07-03T05:07:44.794182+00:00
Yantra Nepal,Mobiles,Samsung,Samsung A73 Galaxy 5G,8GB/256GB,8GB,256GB,75999,"Rs. 75,999.00",exact,NPR,https://yantranepal.com/samsung-a73-galaxy-5g-8gb-256gb/,https://yantranepal.com/mobile-price-in-nepal?_paged=11,True,2026-07-03T05:07:44.794658+00:00
Yantra Nepal,Mobiles,Samsung,Samsung Galaxy A03 Core,2GB/32GB,2GB,32GB,12499,"Rs. 12,499.00",exact,NPR,https://yantranepal.com/samsung-galaxy-a03-core-2gb-32gb/,https://yantranepal.com/mobile-price-in-nepal?_paged=11,,2026-07-03T05:07:44.795042+00:00
Yantra Nepal,Mobiles,Samsung,Samsung Galaxy A03s,3GB/32GB,3GB,32GB,16000,"Rs. 16,000.00",exact,NPR,https://yantranepal.com/samsung-galaxy-a03s-price-nepal/,https://yantranepal.com/mobile-price-in-nepal?_paged=11,,2026-07-03T05:07:44.795424+00:00
Yantra Nepal,Mobiles,Samsung,Samsung Galaxy A03s,4GB/64GB,4GB,64GB,17499,"Rs. 17,499.00",exact,NPR,https://yantranepal.com/samsung-galaxy-a03s-white-price-nepal/,https://yantranepal.com/mobile-price-in-nepal?_paged=11,True,2026-07-03T05:07:44.795860+00:00
Yantra Nepal,Mobiles,Samsung,Samsung Galaxy A04,3GB/32GB,3GB,32GB,15000,"Rs. 15,000.00",exact,NPR,https://yantranepal.com/samsung-galaxy-a04-3gb-32gb/,https://yantranepal.com/mobile-price-in-nepal?_paged=11,True,2026-07-03T05:07:44.796276+00:00
Yantra Nepal,Mobiles,Samsung,Samsung Galaxy A04,4GB/64GB,4GB,64GB,17000,"Rs. 17,000.00",exact,NPR,https://yantranepal.com/samsung-galaxy-a04-price-nepal/,https://yantranepal.com/mobile-price-in-nepal?_paged=11,True,2026-07-03T05:07:44.796717+00:00
Yantra Nepal,Mobiles,Samsung,Samsung Galaxy A04s,4GB/128GB,4GB,128GB,22000,"Rs. 22,000.00",exact,NPR,https://yantranepal.com/samsung-galaxy-a04s-4gb-128gb/,https://yantranepal.com/mobile-price-in-nepal?_paged=12,,2026-07-03T05:07:47.945514+00:00
Yantra Nepal,Mobiles,Samsung,Samsung Galaxy A04s,4GB/64GB,4GB,64GB,20000,"Rs. 20,000.00",exact,NPR,https://yantranepal.com/samsung-galaxy-a04s-4gb-64gb/,https://yantranepal.com/mobile-price-in-nepal?_paged=12,True,2026-07-03T05:07:47.946013+00:00
Yantra Nepal,Mobiles,Samsung,Samsung Galaxy A05,4GB/64GB,4GB,64GB,14999,"Rs. 14,999.00",exact,NPR,https://yantranepal.com/samsung-galaxy-a05-price-nepal/,https://yantranepal.com/mobile-price-in-nepal?_paged=12,True,2026-07-03T05:07:47.946449+00:00
Yantra Nepal,Mobiles,Samsung,Samsung Galaxy A05,6GB/128GB,6GB,128GB,17999,"Rs. 17,999.00",exact,NPR,https://yantranepal.com/samsung-galaxy-a05-mobile-price-nepal/,https://yantranepal.com/mobile-price-in-nepal?_paged=12,True,2026-07-03T05:07:47.946919+00:00
Yantra Nepal,Mobiles,Samsung,Samsung Galaxy A05s,6GB/128GB,6GB,128GB,23999,"Rs. 23,999.00",exact,NPR,https://yantranepal.com/samsung-galaxy-a05s-price-nepal/,https://yantranepal.com/mobile-price-in-nepal?_paged=12,True,2026-07-03T05:07:47.947350+00:00
Yantra Nepal,Mobiles,Samsung,Samsung Galaxy A13,4GB/64GB,4GB,64GB,21500,"Rs. 21,500.00",exact,NPR,https://yantranepal.com/samsung-galaxy-a13-price-nepal/,https://yantranepal.com/mobile-price-in-nepal?_paged=12,,2026-07-03T05:07:47.947730+00:00
Yantra Nepal,Mobiles,Samsung,Samsung Galaxy A13,6GB/128GB,6GB,128GB,25500,"Rs. 25,500.00",exact,NPR,https://yantranepal.com/samsung-galaxy-a13-6gb-128gb/,https://yantranepal.com/mobile-price-in-nepal?_paged=12,,2026-07-03T05:07:47.948106+00:00
Yantra Nepal,Mobiles,Samsung,Samsung Galaxy A14 5G,6GB/128GB,6GB,128GB,27999,"Rs. 27,999.00",exact,NPR,https://yantranepal.com/samsung-galaxy-a14-5g-6gb-128gb/,https://yantranepal.com/mobile-price-in-nepal?_paged=12,True,2026-07-03T05:07:47.948530+00:00
Yantra Nepal,Mobiles,Samsung,Samsung Galaxy A15 5G,8GB/128GB,8GB,128GB,29999,"Rs. 29,999.00",exact,NPR,https://yantranepal.com/samsung-galaxy-a15-5g-blue-price-nepal/,https://yantranepal.com/mobile-price-in-nepal?_paged=12,True,2026-07-03T05:07:47.948982+00:00
Yantra Nepal,Mobiles,Samsung,Samsung Galaxy A15 5G,8GB/256GB,8GB,256GB,33999,"Rs. 33,999.00",exact,NPR,https://yantranepal.com/samsung-galaxy-a15-5g-256-price-nepal/,https://yantranepal.com/mobile-price-in-nepal?_paged=12,True,2026-07-03T05:07:47.949408+00:00
Yantra Nepal,Mobiles,Samsung,Samsung Galaxy A15 5G,8GB/128GB,8GB,128GB,29999,"Rs. 29,999.00",exact,NPR,https://yantranepal.com/samsung-galaxy-a15-5g-price-in-nepal/,https://yantranepal.com/mobile-price-in-nepal?_paged=12,True,2026-07-03T05:07:47.949828+00:00
Yantra Nepal,Mobiles,Samsung,Samsung Galaxy A23,4GB/64GB,4GB,64GB,26000,"Rs. 26,000.00",exact,NPR,https://yantranepal.com/samsung-galaxy-a23-4gb-64gb/,https://yantranepal.com/mobile-price-in-nepal?_paged=12,True,2026-07-03T05:07:47.950253+00:00
Yantra Nepal,Mobiles,Samsung,Samsung Galaxy A23,6GB/128GB,6GB,128GB,30000,"Rs. 30,000.00",exact,NPR,https://yantranepal.com/samsung-galaxy-a23-price-nepal/,https://yantranepal.com/mobile-price-in-nepal?_paged=12,True,2026-07-03T05:07:47.950672+00:00
Yantra Nepal,Mobiles,Samsung,Samsung Galaxy A24,6GB/128GB,6GB,128GB,28999,"Rs. 28,999.00",exact,NPR,https://yantranepal.com/samsung-galaxy-a24-price-nepal/,https://yantranepal.com/mobile-price-in-nepal?_paged=12,True,2026-07-03T05:07:47.951252+00:00
Yantra Nepal,Mobiles,Samsung,Samsung Galaxy A24,8GB/128GB,8GB,128GB,31999,"Rs. 31,999.00",exact,NPR,https://yantranepal.com/samsung-galaxy-a24-black-8gb-price-nepal/,https://yantranepal.com/mobile-price-in-nepal?_paged=12,,2026-07-03T05:07:47.951877+00:00
Yantra Nepal,Mobiles,Samsung,Samsung Galaxy A25 5G,8GB/256GB,8GB,256GB,44999,"Rs. 44,999.00",exact,NPR,https://yantranepal.com/samsung-galaxy-a25-5g-price-nepal/,https://yantranepal.com/mobile-price-in-nepal?_paged=12,True,2026-07-03T05:07:47.952402+00:00
Yantra Nepal,Mobiles,Samsung,Samsung Galaxy A30s,4GB/64GB,4GB,64GB,17500,"Rs. 17,500.00",exact,NPR,https://yantranepal.com/samsung-galaxy-a30s-4gb-64gb/,https://yantranepal.com/mobile-price-in-nepal?_paged=13,True,2026-07-03T05:07:51.244552+00:00
Yantra Nepal,Mobiles,Samsung,Samsung Galaxy A33 5G Dual,8GB/128GB,8GB,128GB,43000,"Rs. 43,000.00",exact,NPR,https://yantranepal.com/samsung-galaxy-a33-5g-dual-8gb-128gb/,https://yantranepal.com/mobile-price-in-nepal?_paged=13,True,2026-07-03T05:07:51.245041+00:00
Yantra Nepal,Mobiles,Samsung,Samsung Galaxy A34 5G,8GB/128GB,8GB,128GB,45999,"Rs. 45,999.00",exact,NPR,https://yantranepal.com/samsung-galaxy-a34-5g-price-nepal/,https://yantranepal.com/mobile-price-in-nepal?_paged=13,True,2026-07-03T05:07:51.245507+00:00
Yantra Nepal,Mobiles,Samsung,Samsung Galaxy A35 5G,8GB/128GB,8GB,128GB,46999,"Rs. 46,999.00",exact,NPR,https://yantranepal.com/samsung-galaxy-a35-5g-price-in-nepal/,https://yantranepal.com/mobile-price-in-nepal?_paged=13,True,2026-07-03T05:07:51.245963+00:00
Yantra Nepal,Mobiles,Samsung,Samsung Galaxy A50s,6GB/128GB,6GB,128GB,30599,"Rs. 30,599.00",exact,NPR,https://yantranepal.com/samsung-galaxy-a50s-6gb-128gb/,https://yantranepal.com/mobile-price-in-nepal?_paged=13,,2026-07-03T05:07:51.246345+00:00
Yantra Nepal,Mobiles,Samsung,Samsung Galaxy A52,8GB/128GB,8GB,128GB,41999,"Rs. 41,999.00",exact,NPR,https://yantranepal.com/samsung-galaxy-a52-price-nepal/,https://yantranepal.com/mobile-price-in-nepal?_paged=13,True,2026-07-03T05:07:51.246759+00:00
Yantra Nepal,Mobiles,Samsung,Samsung Galaxy A54 5G,8GB/256GB,8GB,256GB,59999,"Rs. 59,999.00",exact,NPR,https://yantranepal.com/samsung-galaxy-a54-5g-price-nepal/,https://yantranepal.com/mobile-price-in-nepal?_paged=13,True,2026-07-03T05:07:51.247193+00:00
Yantra Nepal,Mobiles,Samsung,Samsung Galaxy A54 5G,8GB/128GB,8GB,128GB,56999,"Rs. 56,999.00",exact,NPR,https://yantranepal.com/samsung-galaxy-a54-5g-128-price-nepal/,https://yantranepal.com/mobile-price-in-nepal?_paged=13,True,2026-07-03T05:07:51.247629+00:00
Yantra Nepal,Mobiles,Samsung,Samsung Galaxy A55 5G,12GB/256GB,12GB,256GB,67999,"Rs. 67,999.00",exact,NPR,https://yantranepal.com/samsung-galaxy-a55-5g-price-in-nepal/,https://yantranepal.com/mobile-price-in-nepal?_paged=13,True,2026-07-03T05:07:51.248061+00:00
Yantra Nepal,Mobiles,Samsung,Samsung Galaxy A70,6GB/128GB,6GB,128GB,40799,"Rs. 40,799.00",exact,NPR,https://yantranepal.com/samsung-galaxy-a70-price-nepal/,https://yantranepal.com/mobile-price-in-nepal?_paged=13,True,2026-07-03T05:07:51.248476+00:00
Yantra Nepal,Mobiles,Samsung,Samsung Galaxy F13,4GB/128GB,4GB,128GB,24000,"Rs. 24,000.00",exact,NPR,https://yantranepal.com/samsung-galaxy-f13-4gb-128gb/,https://yantranepal.com/mobile-price-in-nepal?_paged=13,True,2026-07-03T05:07:51.248902+00:00
Yantra Nepal,Mobiles,Samsung,Samsung Galaxy F22,4GB/64GB,4GB,64GB,21000,"Rs. 21,000.00",exact,NPR,https://yantranepal.com/samsung-galaxy-f22-4gb-64gb/,https://yantranepal.com/mobile-price-in-nepal?_paged=13,,2026-07-03T05:07:51.249285+00:00
Yantra Nepal,Mobiles,Samsung,Samsung Galaxy F22,6GB/128GB,6GB,128GB,24500,"Rs. 24,500.00",exact,NPR,https://yantranepal.com/samsung-galaxy-f22-price-nepal/,https://yantranepal.com/mobile-price-in-nepal?_paged=13,,2026-07-03T05:07:51.249661+00:00
Yantra Nepal,Mobiles,Samsung,Samsung Galaxy F42 5G,8GB/128GB,8GB,128GB,35000,"Rs. 35,000.00",exact,NPR,https://yantranepal.com/samsung-galaxy-f42-price-nepal/,https://yantranepal.com/mobile-price-in-nepal?_paged=13,True,2026-07-03T05:07:51.250100+00:00
Yantra Nepal,Mobiles,Samsung,Samsung Galaxy F54 5G,8GB/256GB,8GB,256GB,52499,"Rs. 52,499.00",exact,NPR,https://yantranepal.com/samsung-galaxy-f54-5g-price-nepal/,https://yantranepal.com/mobile-price-in-nepal?_paged=13,True,2026-07-03T05:07:51.250692+00:00
Yantra Nepal,Mobiles,Samsung,Samsung Galaxy M04,4GB/128GB,4GB,128GB,17999,"Rs. 17,999.00",exact,NPR,https://yantranepal.com/samsung-galaxy-m04-dark-blue-price-nepal/,https://yantranepal.com/mobile-price-in-nepal?_paged=13,True,2026-07-03T05:07:51.251236+00:00
Yantra Nepal,Mobiles,Samsung,Samsung Galaxy M10,2GB/16GB,2GB,16GB,13290,"Rs. 13,290.00",exact,NPR,https://yantranepal.com/samsung-galaxy-m10-price-nepal/,https://yantranepal.com/mobile-price-in-nepal?_paged=14,,2026-07-03T05:07:54.006814+00:00
Yantra Nepal,Mobiles,Samsung,Samsung Galaxy M12,6GB/128GB,6GB,128GB,23000,"Rs. 23,000.00",exact,NPR,https://yantranepal.com/samsung-galaxy-m12-6gb-128gb/,https://yantranepal.com/mobile-price-in-nepal?_paged=14,,2026-07-03T05:07:54.007243+00:00
Yantra Nepal,Mobiles,Samsung,Samsung Galaxy M14 5G,6GB/128GB,6GB,128GB,24999,"Rs. 24,999.00",exact,NPR,https://yantranepal.com/samsung-galaxy-m14-5g-price-nepal/,https://yantranepal.com/mobile-price-in-nepal?_paged=14,,2026-07-03T05:07:54.007659+00:00
Yantra Nepal,Mobiles,Samsung,Samsung Galaxy M21,4GB/64GB,4GB,64GB,19999,"Rs. 19,999.00",exact,NPR,https://yantranepal.com/samsung-galaxy-m21-price-nepal/,https://yantranepal.com/mobile-price-in-nepal?_paged=14,,2026-07-03T05:07:54.008420+00:00
Yantra Nepal,Mobiles,Samsung,Samsung Galaxy M30S,6GB/128GB,6GB,128GB,29000,"Rs. 29,000.00",exact,NPR,https://yantranepal.com/samsung-galaxy-m30s-6gb-128gb/,https://yantranepal.com/mobile-price-in-nepal?_paged=14,,2026-07-03T05:07:54.008839+00:00
Yantra Nepal,Mobiles,Samsung,Samsung Galaxy M32,6GB/128GB,6GB,128GB,28999,"Rs. 28,999.00",exact,NPR,https://yantranepal.com/samsung-galaxy-m32-6gb-128gb/,https://yantranepal.com/mobile-price-in-nepal?_paged=14,True,2026-07-03T05:07:54.009262+00:00
Yantra Nepal,Mobiles,Samsung,Samsung Galaxy M33 5G Dual,6GB/128GB,6GB,128GB,33999,"Rs. 33,999.00",exact,NPR,https://yantranepal.com/samsung-galaxy-m33-5g-dual-6gb-128gb/,https://yantranepal.com/mobile-price-in-nepal?_paged=14,True,2026-07-03T05:07:54.009699+00:00
Yantra Nepal,Mobiles,Samsung,Samsung Galaxy M33 5G Dual,8GB/128GB,8GB,128GB,35999,"Rs. 35,999.00",exact,NPR,https://yantranepal.com/samsung-galaxy-m33-5g-dual-8gb-128gb/,https://yantranepal.com/mobile-price-in-nepal?_paged=14,True,2026-07-03T05:07:54.010126+00:00
Yantra Nepal,Mobiles,Samsung,Samsung Galaxy M52 5G,8GB/128GB,8GB,128GB,45999,"Rs. 45,999.00",exact,NPR,https://yantranepal.com/samsung-galaxy-m52-5g-8gb-128gb/,https://yantranepal.com/mobile-price-in-nepal?_paged=14,True,2026-07-03T05:07:54.010554+00:00
Yantra Nepal,Mobiles,Samsung,Samsung Galaxy M52 5G,6GB/128GB,6GB,128GB,42999,"Rs. 42,999.00",exact,NPR,https://yantranepal.com/samsung-galaxy-m52-5g-price-nepal/,https://yantranepal.com/mobile-price-in-nepal?_paged=14,True,2026-07-03T05:07:54.010973+00:00
Yantra Nepal,Mobiles,Samsung,Samsung Galaxy M62,6GB/128GB,6GB,128GB,40000,"Rs. 40,000.00",exact,NPR,https://yantranepal.com/samsung-galaxy-m62-price-nepal/,https://yantranepal.com/mobile-price-in-nepal?_paged=14,True,2026-07-03T05:07:54.011419+00:00
Yantra Nepal,Mobiles,Samsung,Samsung Galaxy S23 5G,8GB/256GB,8GB,256GB,127999,"Rs. 127,999.00",exact,NPR,https://yantranepal.com/samsung-galaxy-s23-5g-price-in-nepal/,https://yantranepal.com/mobile-price-in-nepal?_paged=14,True,2026-07-03T05:07:54.011855+00:00
Yantra Nepal,Mobiles,Samsung,Samsung Galaxy S23 FE,8GB/256GB,8GB,256GB,85999,"Rs. 85,999.00",exact,NPR,https://yantranepal.com/samsung-galaxy-s23-fe-price-nepal/,https://yantranepal.com/mobile-price-in-nepal?_paged=14,True,2026-07-03T05:07:54.012304+00:00
Yantra Nepal,Mobiles,Samsung,Samsung Galaxy S23 Ultra 5G,12GB/256GB,12GB,256GB,191999,"Rs. 191,999.00",exact,NPR,https://yantranepal.com/samsung-galaxy-s23-ultra-5g-12gb-256gb/,https://yantranepal.com/mobile-price-in-nepal?_paged=14,,2026-07-03T05:07:54.012683+00:00
Yantra Nepal,Mobiles,Samsung,Samsung Galaxy S23 Ultra 5G,12GB/512GB,12GB,512GB,209999,"Rs. 209,999.00",exact,NPR,https://yantranepal.com/samsung-galaxy-s23-ultra-5g-12g-price-nepal/,https://yantranepal.com/mobile-price-in-nepal?_paged=14,True,2026-07-03T05:07:54.013101+00:00
Yantra Nepal,Mobiles,Samsung,"Samsung Galaxy S24 5G (Onyx Black, 8GB | 256GB) with Galaxy AI",8GB/256GB,8GB,256GB,119999,"Rs. 119,999.00",exact,NPR,https://yantranepal.com/samsung-galaxy-s24-5g-price-nepal/,https://yantranepal.com/mobile-price-in-nepal?_paged=14,True,2026-07-03T05:07:54.013514+00:00
Yantra Nepal,Mobiles,Samsung,"Samsung Galaxy S24 Ultra 5G (Titanium Black, 12GB | 256GB) with AI",12GB/256GB,12GB,256GB,184999,"Rs. 184,999.00",exact,NPR,https://yantranepal.com/samsung-galaxy-s24-ultra-5g-price-nepal-mobile/,https://yantranepal.com/mobile-price-in-nepal?_paged=15,True,2026-07-03T05:07:56.879795+00:00
Yantra Nepal,Mobiles,Samsung,"Samsung Galaxy S24 Ultra 5G (Titanium Gray, 12GB | 256GB) with AI",12GB/256GB,12GB,256GB,184999,"Rs. 184,999.00",exact,NPR,https://yantranepal.com/samsung-galaxy-s24-ultra-5g-price-nepal/,https://yantranepal.com/mobile-price-in-nepal?_paged=15,True,2026-07-03T05:07:56.880599+00:00
Yantra Nepal,Mobiles,Samsung,Samsung Galaxy S24+ 5G,12GB/256GB,12GB,256GB,142999,"Rs. 142,999.00",exact,NPR,https://yantranepal.com/samsung-galaxy-s24-5g-price-in-nepal/,https://yantranepal.com/mobile-price-in-nepal?_paged=15,True,2026-07-03T05:07:56.881428+00:00
Yantra Nepal,Mobiles,Samsung,Samsung Galaxy Z Flip 3,8GB/256GB,8GB,256GB,95000,"Rs. 95,000.00",exact,NPR,https://yantranepal.com/samsung-galaxy-z-flip-3-8gb-256gb/,https://yantranepal.com/mobile-price-in-nepal?_paged=15,,2026-07-03T05:07:56.882793+00:00
Yantra Nepal,Mobiles,Samsung,Samsung Galaxy Z Flip 6 (12GB | 256GB) – Pre Booking Open Now!,12GB/256GB,12GB,256GB,154999,"Rs. 154,999.00",exact,NPR,https://yantranepal.com/samsung-galaxy-z-flip-6-price-nepal/,https://yantranepal.com/mobile-price-in-nepal?_paged=15,,2026-07-03T05:07:56.884112+00:00
Yantra Nepal,Mobiles,Samsung,Samsung Galaxy Z Flip4 5G,8GB/256GB,8GB,256GB,114999,"Rs. 114,999.00",exact,NPR,https://yantranepal.com/samsung-galaxy-z-flip4-5g-price-nepal/,https://yantranepal.com/mobile-price-in-nepal?_paged=15,True,2026-07-03T05:07:56.885296+00:00
Yantra Nepal,Mobiles,Samsung,Samsung Galaxy Z Flip5,8GB/256GB,8GB,256GB,139999,"Rs. 139,999.00",exact,NPR,https://yantranepal.com/samsung-galaxy-z-flip5-price-nepal/,https://yantranepal.com/mobile-price-in-nepal?_paged=15,True,2026-07-03T05:07:56.886532+00:00
Yantra Nepal,Mobiles,Samsung,Samsung Galaxy Z Fold 3 5G,12GB/512GB,12GB,512GB,161999,"Rs. 161,999.00",exact,NPR,https://yantranepal.com/samsung-galaxy-z-fold-3-5g-price-nepal/,https://yantranepal.com/mobile-price-in-nepal?_paged=15,True,2026-07-03T05:07:56.888440+00:00
Yantra Nepal,Mobiles,Samsung,Samsung Galaxy Z Fold 6 (12GB | 256GB) – Pre Booking Open Now!,12GB/256GB,12GB,256GB,234999,"Rs. 234,999.00",exact,NPR,https://yantranepal.com/samsung-galaxy-z-fold-6-price-nepal/,https://yantranepal.com/mobile-price-in-nepal?_paged=15,,2026-07-03T05:07:56.889894+00:00
Yantra Nepal,Mobiles,Samsung,Samsung Galaxy Z Fold5,12GB/256GB,12GB,256GB,226999,"Rs. 226,999.00",exact,NPR,https://yantranepal.com/samsung-galaxy-z-fold5-price-nepal/,https://yantranepal.com/mobile-price-in-nepal?_paged=15,True,2026-07-03T05:07:56.891572+00:00
Yantra Nepal,Mobiles,Samsung,Samsung Galaxy Z Fold5,12GB/512GB,12GB,512GB,239999,"Rs. 239,999.00",exact,NPR,https://yantranepal.com/samsung-galaxy-z-fold5-512gb-price-nepal/,https://yantranepal.com/mobile-price-in-nepal?_paged=15,True,2026-07-03T05:07:56.893581+00:00
Yantra Nepal,Mobiles,Vivo,Vivo Y12S,32GB/3GB,32GB,3GB,17999,"Rs. 17,999.00",exact,NPR,https://yantranepal.com/vivo-y12s-price-nepal/,https://yantranepal.com/mobile-price-in-nepal?_paged=15,True,2026-07-03T05:07:56.897667+00:00
Yantra Nepal,Mobiles,Vivo,Vivo Y1s,3GB/32GB,3GB,32GB,13999,"Rs. 13,999.00",exact,NPR,https://yantranepal.com/vivo-y1s-3gb-32gb/,https://yantranepal.com/mobile-price-in-nepal?_paged=15,,2026-07-03T05:07:56.899378+00:00
Yantra Nepal,Mobiles,Xiaomi,Xiaomi 12 Lite,6GB/128GB,6GB,128GB,50999,"Rs. 50,999.00",exact,NPR,https://yantranepal.com/xiaomi-12-lite-6gb-128gb/,https://yantranepal.com/mobile-price-in-nepal?_paged=15,True,2026-07-03T05:07:56.900770+00:00
Yantra Nepal,Mobiles,Xiaomi,Xiaomi 12 Lite,8GB/128GB,8GB,128GB,53999,"Rs. 53,999.00",exact,NPR,https://yantranepal.com/xiaomi-12-lite-price-nepal/,https://yantranepal.com/mobile-price-in-nepal?_paged=15,True,2026-07-03T05:07:56.902074+00:00
Yantra Nepal,Mobiles,Xiaomi,"Xiaomi 12X (Blue, 8GB | 256GB) 6.28″, 50MP Pro Grade Camera",8GB/256GB,8GB,256GB,71999,"Rs. 71,999.00",exact,NPR,https://yantranepal.com/xiaomi-12x-price-nepal/,https://yantranepal.com/mobile-price-in-nepal?_paged=16,True,2026-07-03T05:07:59.957726+00:00
Yantra Nepal,Mobiles,Xiaomi,"Xiaomi 13 Lite 5G, 6.55″, 50MP Triple Cam + (w/Fast Car 51W Charger Bundle",8GB/256GB,8GB,256GB,57999,"Rs. 57,999.00",exact,NPR,https://yantranepal.com/xiaomi-13-lite-5g-black-price-nepal/,https://yantranepal.com/mobile-price-in-nepal?_paged=16,True,2026-07-03T05:07:59.958253+00:00
Yantra Nepal,Mobiles,Xiaomi,Xiaomi Poco C31,4GB/64GB,4GB,64GB,16500,"Rs. 16,500.00",exact,NPR,https://yantranepal.com/xiaomi-poco-c31-4gb-64gb/,https://yantranepal.com/mobile-price-in-nepal?_paged=16,True,2026-07-03T05:07:59.958908+00:00
Yantra Nepal,Mobiles,Xiaomi,Xiaomi Poco F3,6GB/128GB,6GB,128GB,47000,"Rs. 47,000.00",exact,NPR,https://yantranepal.com/xiaomi-poco-f3-6gb-128gb/,https://yantranepal.com/mobile-price-in-nepal?_paged=16,,2026-07-03T05:07:59.959847+00:00
Yantra Nepal,Mobiles,Xiaomi,Xiaomi Poco M5,4GB/64GB,4GB,64GB,20499,"Rs. 20,499.00",exact,NPR,https://yantranepal.com/xiaomi-poco-m5-4gb-64gb/,https://yantranepal.com/mobile-price-in-nepal?_paged=16,True,2026-07-03T05:07:59.960706+00:00
Yantra Nepal,Mobiles,Xiaomi,Xiaomi Poco M5,6GB/128GB,6GB,128GB,24000,"Rs. 24,000.00",exact,NPR,https://yantranepal.com/xiaomi-poco-m5-price-nepal/,https://yantranepal.com/mobile-price-in-nepal?_paged=16,True,2026-07-03T05:07:59.961237+00:00
Yantra Nepal,Mobiles,Xiaomi,Xiaomi Redmi 10,4GB/64GB,4GB,64GB,22000,"Rs. 22,000.00",exact,NPR,https://yantranepal.com/xiaomi-redmi-10-4gb-64gb/,https://yantranepal.com/mobile-price-in-nepal?_paged=16,True,2026-07-03T05:07:59.961702+00:00
Yantra Nepal,Mobiles,Xiaomi,Xiaomi Redmi 10,6GB/128GB,6GB,128GB,25000,"Rs. 25,000.00",exact,NPR,https://yantranepal.com/xiaomi-redmi-10-6gb-128gb/,https://yantranepal.com/mobile-price-in-nepal?_paged=16,True,2026-07-03T05:07:59.962157+00:00
Yantra Nepal,Mobiles,Xiaomi,Xiaomi Redmi 10 Prime,4GB/64GB,4GB,64GB,24000,"Rs. 24,000.00",exact,NPR,https://yantranepal.com/xiaomi-redmi-10-prime-price-nepal/,https://yantranepal.com/mobile-price-in-nepal?_paged=16,,2026-07-03T05:07:59.962580+00:00
Yantra Nepal,Mobiles,Xiaomi,Xiaomi Redmi 10A,3GB/64GB,3GB,64GB,15999,"Rs. 15,999.00",exact,NPR,https://yantranepal.com/xiaomi-redmi-10a-3gb-64gb/,https://yantranepal.com/mobile-price-in-nepal?_paged=16,True,2026-07-03T05:07:59.963058+00:00
Yantra Nepal,Mobiles,Xiaomi,Xiaomi Redmi 10A,4GB/128GB,4GB,128GB,17999,"Rs. 17,999.00",exact,NPR,https://yantranepal.com/xiaomi-redmi-10a-4gb-128gb/,https://yantranepal.com/mobile-price-in-nepal?_paged=16,True,2026-07-03T05:07:59.963510+00:00
Yantra Nepal,Mobiles,Xiaomi,Xiaomi Redmi 10A,2GB/32GB,2GB,32GB,13999,"Rs. 13,999.00",exact,NPR,https://yantranepal.com/xiaomi-redmi-10a-2gb-price-nepal/,https://yantranepal.com/mobile-price-in-nepal?_paged=16,True,2026-07-03T05:07:59.963957+00:00
Yantra Nepal,Mobiles,Xiaomi,Xiaomi Redmi 10C,4GB/64GB,4GB,64GB,18999,"Rs. 18,999.00",exact,NPR,https://yantranepal.com/xiaomi-redmi-10c-4gb-64gb/,https://yantranepal.com/mobile-price-in-nepal?_paged=16,True,2026-07-03T05:07:59.964401+00:00
Yantra Nepal,Mobiles,Xiaomi,Xiaomi Redmi 12,8GB/256GB,8GB,256GB,21000,"Rs. 21,000.00",exact,NPR,https://yantranepal.com/xiaomi-redmi-12-price-nepal/,https://yantranepal.com/mobile-price-in-nepal?_paged=16,True,2026-07-03T05:07:59.964912+00:00
Yantra Nepal,Mobiles,Xiaomi,Xiaomi Redmi 12,6GB/128GB,6GB,128GB,18000,"Rs. 18,000.00",exact,NPR,https://yantranepal.com/xiaomi-redmi-12-sky-blue-price-nepal/,https://yantranepal.com/mobile-price-in-nepal?_paged=16,True,2026-07-03T05:07:59.965392+00:00
Yantra Nepal,Mobiles,Xiaomi,Xiaomi Redmi 9C,3GB/64GB,3GB,64GB,16000,"Rs. 16,000.00",exact,NPR,https://yantranepal.com/xiaomi-redmi-9c-3gb-64gb/,https://yantranepal.com/mobile-price-in-nepal?_paged=16,,2026-07-03T05:07:59.965804+00:00
Yantra Nepal,Mobiles,Xiaomi,Xiaomi Redmi A1,2GB/32GB,2GB,32GB,12000,"Rs. 12,000.00",exact,NPR,https://yantranepal.com/xiaomi-redmi-a1-price-nepal/,https://yantranepal.com/mobile-price-in-nepal?_paged=17,True,2026-07-03T05:08:00.195317+00:00
Yantra Nepal,Mobiles,Xiaomi,Xiaomi Redmi A1 Plus,2GB/32GB,2GB,32GB,12499,"Rs. 12,499.00",exact,NPR,https://yantranepal.com/xiaomi-redmi-a1-plus-2gb-32gb/,https://yantranepal.com/mobile-price-in-nepal?_paged=17,True,2026-07-03T05:08:00.196294+00:00
Yantra Nepal,Mobiles,Xiaomi,Xiaomi Redmi A1 Plus,3GB/32GB,3GB,32GB,13999,"Rs. 13,999.00",exact,NPR,https://yantranepal.com/xiaomi-redmi-a1-plus-3gb-32gb/,https://yantranepal.com/mobile-price-in-nepal?_paged=17,True,2026-07-03T05:08:00.197014+00:00
Yantra Nepal,Mobiles,Xiaomi,Xiaomi Redmi Note 10 Pro,8GB/128GB,8GB,128GB,34999,"Rs. 34,999.00",exact,NPR,https://yantranepal.com/xiaomi-redmi-note-10-pro-price-nepal/,https://yantranepal.com/mobile-price-in-nepal?_paged=17,,2026-07-03T05:08:00.197437+00:00
Yantra Nepal,Mobiles,Xiaomi,Xiaomi Redmi Note 11,6GB/128GB,6GB,128GB,28000,"Rs. 28,000.00",exact,NPR,https://yantranepal.com/xiaomi-redmi-note-11-6gb-price-nepal/,https://yantranepal.com/mobile-price-in-nepal?_paged=17,,2026-07-03T05:08:00.197841+00:00
Yantra Nepal,Mobiles,Xiaomi,Xiaomi Redmi Note 11,4GB/64GB,4GB,64GB,24000,"Rs. 24,000.00",exact,NPR,https://yantranepal.com/xiaomi-redmi-note-11-price-nepal/,https://yantranepal.com/mobile-price-in-nepal?_paged=17,,2026-07-03T05:08:00.198225+00:00
Yantra Nepal,Mobiles,Xiaomi,Xiaomi Redmi Note 11 Pro,8GB/128GB,8GB,128GB,37000,"Rs. 37,000.00",exact,NPR,https://yantranepal.com/xiaomi-redmi-note-11-pro-8gb-128gb/,https://yantranepal.com/mobile-price-in-nepal?_paged=17,,2026-07-03T05:08:00.198634+00:00
Yantra Nepal,Mobiles,Xiaomi,Xiaomi Redmi Note 11 Pro 5G,6GB/128GB,6GB,128GB,38500,"Rs. 38,500.00",exact,NPR,https://yantranepal.com/xiaomi-redmi-note-11-pro-price-nepal/,https://yantranepal.com/mobile-price-in-nepal?_paged=17,True,2026-07-03T05:08:00.199076+00:00
Yantra Nepal,Mobiles,Xiaomi,Xiaomi Redmi Note 11 Pro 5G,8GB/128GB,8GB,128GB,41500,"Rs. 41,500.00",exact,NPR,https://yantranepal.com/xiaomi-redmi-note-11-pro-5g-price-nepal/,https://yantranepal.com/mobile-price-in-nepal?_paged=17,True,2026-07-03T05:08:00.199501+00:00
Yantra Nepal,Mobiles,Xiaomi,Xiaomi Redmi Note 11S,8GB/128GB,8GB,128GB,33000,"Rs. 33,000.00",exact,NPR,https://yantranepal.com/xiaomi-redmi-note-11s-8gb-128gb/,https://yantranepal.com/mobile-price-in-nepal?_paged=17,True,2026-07-03T05:08:00.199924+00:00
